<?xml version="1.0"?>
<COLLADA xmlns="http://www.collada.org/2005/11/COLLADASchema" version="1.4.1">
  <asset>
    <contributor>
      <author>Assimp</author>
      <authoring_tool>Assimp Exporter</authoring_tool>
    </contributor>
    <created>2020-01-09T12:41:47</created>
    <modified>2020-01-09T12:41:47</modified>
    <unit name="meter" meter="0.01" />
    <up_axis>Y_UP</up_axis>
  </asset>
  <library_effects>
    <effect id="1001-fx" name="1001">
      <profile_COMMON>
        <technique sid="standard">
          <phong>
            <diffuse>
              <color sid="diffuse">0.5   0.5   0.5   1</color>
            </diffuse>
          </phong>
        </technique>
      </profile_COMMON>
    </effect>
  </library_effects>
  <library_materials>
    <material id="1001" name="1001">
      <instance_effect url="#1001-fx"/>
    </material>
  </library_materials>
  <library_geometries>
    <geometry id="meshId0" name="meshId0_name" >
      <mesh>
        <source id="meshId0-positions" name="meshId0-positions">
          <float_array id="meshId0-positions-array" count="201"> -0.177182 -0.791404 -0.166552 -0.177182 -0.791404 0.166552 -0.174068 -0.783888 0.166552 -0.174068 -0.783888 -0.166552 -0.174068 -0.783888 -0.166552 -0.174068 -0.783888 0.166552 -0.166552 -0.780774 0.166552 -0.166552 -0.780774 -0.166552 -0.166552 -1 0.177182 -0.166552 -0.791404 0.177182 -0.174068 -0.791404 0.174068 -0.174068 -1 0.174068 -0.174068 -1 0.174068 -0.174068 -0.791404 0.174068 -0.177182 -1 0.166552 0.166552 -0.780774 0.166552 -0.166552 -0.783888 0.174068 0.166552 -0.783888 0.174068 0.166552 -0.783888 0.174068 -0.166552 -0.783888 0.174068 0.166552 -0.791404 0.177182 0.166552 -0.780774 -0.166552 0.174068 -0.783888 0.166552 0.174068 -0.783888 -0.166552 0.174068 -0.783888 -0.166552 0.174068 -0.783888 0.166552 0.177182 -0.791404 0.166552 0.177182 -0.791404 -0.166552 0.177182 -1 0.166552 0.174068 -0.791404 0.174068 0.174068 -1 0.174068 0.174068 -1 0.174068 0.174068 -0.791404 0.174068 0.166552 -1 0.177182 -0.177182 -1 -0.166552 -0.174068 -0.791404 -0.174068 -0.174068 -1 -0.174068 -0.174068 -1 -0.174068 -0.174068 -0.791404 -0.174068 -0.166552 -0.791404 -0.177182 -0.166552 -1 -0.177182 0.166552 -0.791404 -0.177182 -0.166552 -0.783888 -0.174068 0.166552 -0.783888 -0.174068 0.166552 -0.783888 -0.174068 -0.166552 -0.783888 -0.174068 0.166552 -1 -0.177182 0.174068 -0.791404 -0.174068 0.174068 -1 -0.174068 0.174068 -1 -0.174068 0.174068 -0.791404 -0.174068 0.177182 -0.791404 -0.166552 0.177182 -1 -0.166552 0.177182 -1 -0.166552 -0.172687 -0.785269 0.172687 -0.172687 -0.785269 0.172687 -0.172687 -0.785269 0.172687 0.172687 -0.785269 0.172687 0.172687 -0.785269 0.172687 0.172687 -0.785269 0.172687 -0.172687 -0.785269 -0.172687 -0.172687 -0.785269 -0.172687 -0.172687 -0.785269 -0.172687 0.172687 -0.785269 -0.172687 0.174068 -0.791404 -0.174068 0.172687 -0.785269 -0.172687 0.172687 -0.785269 -0.172687 </float_array>
          <technique_common>
            <accessor count="67" offset="0" source="#meshId0-positions-array" stride="3">
              <param name="X" type="float" />
              <param name="Y" type="float" />
              <param name="Z" type="float" />
            </accessor>
          </technique_common>
        </source>
        <source id="meshId0-normals" name="meshId0-normals">
          <float_array id="meshId0-normals-array" count="201"> -0.999857 0.0142973 -0.009031 -0.999857 0.0142973 0.009031 -0.924127 0.382043 0.00567626 -0.924127 0.382043 -0.00567626 -0.382046 0.924126 -0.00567626 -0.382046 0.924126 0.00567626 -0.00907114 0.999918 0.00907112 -0.00907114 0.999918 -0.00907112 -0.00914 0 0.999958 -0.00903099 0.0142973 0.999857 -0.381665 0.00897581 0.924257 -0.382682 0 0.92388 -0.92388 0 0.382682 -0.924257 0.00897574 0.381665 -0.999958 0 0.00914 0.00907114 0.999918 0.00907112 -0.00567626 0.924127 0.382044 0.00567626 0.924127 0.382044 0.00567621 0.382043 0.924127 -0.00567623 0.382043 0.924127 0.00903099 0.0142973 0.999857 0.00907114 0.999918 -0.00907112 0.382046 0.924126 0.00567626 0.382046 0.924126 -0.00567626 0.924127 0.382043 -0.00567626 0.924127 0.382043 0.00567626 0.999857 0.0142973 0.009031 0.999857 0.0142973 -0.009031 0.999958 0 0.00914 0.924257 0.00897574 0.381665 0.92388 0 0.382682 0.382682 0 0.92388 0.381665 0.00897579 0.924257 0.00914 0 0.999958 -0.999958 0 -0.00914 -0.924257 0.00897574 -0.381665 -0.92388 0 -0.382682 -0.382682 0 -0.92388 -0.381665 0.00897579 -0.924257 -0.00903099 0.0142973 -0.999857 -0.00914 0 -0.999958 0.00903099 0.0142973 -0.999857 -0.00567621 0.382043 -0.924127 0.00567623 0.382043 -0.924127 0.00567626 0.924127 -0.382044 -0.00567626 0.924127 -0.382044 0.00914 0 -0.999958 0.381665 0.00897581 -0.924257 0.382682 0 -0.92388 0.92388 0 -0.382682 0.924257 0.00897574 -0.381665 0.999857 0.0142973 -0.009031 0.999958 0 -0.00914 0.999958 0 -0.00914 -0.32527 0.887919 0.325269 -0.887919 0.325268 0.325269 -0.325266 0.32527 0.88792 0.887919 0.325268 0.325269 0.32527 0.887919 0.32527 0.325266 0.32527 0.88792 -0.325266 0.32527 -0.88792 -0.887919 0.325268 -0.325269 -0.32527 0.887919 -0.32527 0.887919 0.325268 -0.325269 0.924257 0.00897574 -0.381665 0.325266 0.32527 -0.88792 0.32527 0.887919 -0.325269 </float_array>
          <technique_common>
            <accessor count="67" offset="0" source="#meshId0-normals-array" stride="3">
              <param name="X" type="float" />
              <param name="Y" type="float" />
              <param name="Z" type="float" />
            </accessor>
          </technique_common>
        </source>
        <source id="meshId0-tangents" name="meshId0-tangents">
          <float_array id="meshId0-tangents-array" count="201"> -0.00589072 0.206124 0.978508 0.0110967 0.151721 0.988361 0.0791332 0.17684 0.981053 0.0555041 0.148928 0.987289 0.92127 0.380367 -0.0811278 0.923297 0.381426 0.0451413 0.999279 0.00873012 0.0369533 0.997219 0.00837489 -0.0740522 0.994886 0.100593 0.00909361 0.997544 0.0695867 0.00801505 0.920687 0.0920321 0.379296 0.910721 0.168177 0.377231 0.377276 0.167489 0.910829 0.379819 0.122573 0.916904 0.00898884 0.181098 0.983424 0.996429 -0.00827728 -0.0840224 0.997736 -0.0203692 0.0640948 0.995614 0.0304554 -0.0884609 0.999729 -0.0230466 0.00338711 0.99878 0.0475058 -0.0135046 0.998461 -0.0548461 -0.00823411 0.999803 -0.0089092 0.0177387 0.920058 -0.379773 -0.0962585 0.92381 -0.381736 0.0292048 0.0359127 -0.101641 -0.994173 0.0792365 -0.17709 -0.981 0.0109939 -0.143785 -0.989548 -0.00680189 -0.148921 -0.988826 0.00908687 -0.107639 -0.994149 0.379023 -0.141288 -0.914537 0.381759 -0.0694012 -0.921652 0.921689 -0.0688374 -0.381774 0.918932 -0.111308 -0.378385 0.999522 -0.0295439 -0.009136 -0.00894864 0.203542 0.979025 -0.369664 0.228722 0.900575 -0.374137 0.210148 0.90325 0.923431 0.0311851 -0.382496 0.921729 0.0782439 -0.379861 0.99905 0.0427497 -0.00841242 0.999958 -0.00105614 -0.00913998 0.994337 -0.106009 0.00746526 0.999189 0.0389999 0.00998567 0.995089 -0.0934829 -0.0325346 0.99984 0.00123815 0.0178501 0.997051 -0.0240085 -0.0728878 0.996994 -0.076943 0.00911287 0.915596 -0.140581 0.376723 0.919437 -0.0979515 0.380841 0.377382 0.165856 0.911084 0.373182 0.189621 0.908174 0.0060244 0.197853 0.980213 0.00899432 0.177802 0.984025 -0.0090486 -0.141067 -0.989959 0.944839 0.291182 0.149974 0.372743 0.094393 0.923121 0.945441 0.130258 0.29862 0.381946 -0.127254 -0.915382 0.943604 -0.282313 -0.172949 0.945209 -0.139616 -0.295107 0.945156 0.141313 -0.294466 -0.261368 0.225135 0.938617 0.944847 0.291256 -0.149778 -0.280507 -0.177557 -0.943286 -0.374004 -0.179341 -0.909922 0.94172 -0.196636 0.272941 0.945514 -0.310573 0.0977132 </float_array>
          <technique_common>
            <accessor count="67" offset="0" source="#meshId0-tangents-array" stride="3">
              <param name="X" type="float" />
              <param name="Y" type="float" />
              <param name="Z" type="float" />
            </accessor>
          </technique_common>
        </source>
        <source id="meshId0-bitangents" name="meshId0-bitangents">
          <float_array id="meshId0-bitangents-array" count="201"> 0.0158516 0.978422 -0.20601 0.0127607 0.98832 -0.151858 0.373801 0.907067 -0.193655 0.378032 0.912065 -0.158833 -0.0728133 -0.0362239 -0.996687 0.0395512 0.0224869 -0.998964 0.0368711 0.00939978 -0.999276 -0.0739701 -0.00971763 -0.997213 -0.100588 0.994928 -0.000919416 -0.0694621 0.997473 -0.0148906 -0.0816569 0.995716 -0.0433893 -0.155375 0.985757 -0.0643583 -0.0640951 0.985874 -0.15474 -0.038552 0.992419 -0.116698 -0.00165524 0.983465 -0.181091 -0.0839404 0.00980091 -0.996422 0.0670137 0.381543 -0.921919 -0.0933844 0.380871 -0.9199 0.022592 0.923857 -0.38207 -0.0490607 0.922923 -0.381847 0.0547205 0.998393 -0.0147706 0.0176565 -0.00923024 -0.999801 -0.0867993 0.0419976 -0.99534 0.0248221 -0.0164014 -0.999557 -0.380394 0.918538 -0.107649 -0.373779 0.907018 -0.193926 -0.0128494 0.989506 -0.143921 -0.0154825 0.988746 -0.148802 0.00098382 0.99419 -0.107634 0.0457161 0.989928 -0.133989 0.0265586 0.997589 -0.0641184 0.0635975 0.997628 -0.0263428 0.0994806 0.993746 -0.0507303 0.0295427 0.999564 -0.000270031 0.00186037 0.979066 -0.203533 0.0953786 0.97345 -0.20808 0.0804198 0.97767 -0.194151 0.0288113 -0.999514 -0.011934 0.0689079 -0.996894 -0.0381362 0.0426233 -0.998983 -0.0146698 -0.0010561 -0.999999 9.65311e-06 -0.105887 -0.994262 -0.0151737 0.0398558 -0.923321 -0.381955 -0.0988197 -0.919404 -0.380697 0.0169688 -0.382085 -0.923972 -0.0765299 -0.381332 -0.921265 -0.0769398 -0.997036 -0.000703259 -0.126552 -0.990029 -0.0618731 -0.0904955 -0.995191 -0.0374843 -0.0634701 0.98615 -0.153231 -0.0805231 0.981816 -0.171909 -0.0158012 0.980128 -0.197738 -0.00162511 0.984066 -0.177795 -0.00128935 0.99 -0.141061 0.0384518 0.356109 -0.933653 0.269559 0.940899 -0.205055 -0.0185263 0.936607 -0.349892 -0.256352 0.93702 -0.237226 -0.0617368 0.363181 -0.929671 0.0279785 0.935258 -0.35286 0.0296939 -0.935003 -0.353395 0.378531 0.918431 -0.114888 -0.0382537 -0.356048 -0.933684 -0.364575 0.928803 -0.0664161 -0.0766152 0.983746 -0.1624 -0.0858174 -0.924951 -0.370272 -0.0142587 -0.33933 -0.940559 </float_array>
          <technique_common>
            <accessor count="67" offset="0" source="#meshId0-bitangents-array" stride="3">
              <param name="X" type="float" />
              <param name="Y" type="float" />
              <param name="Z" type="float" />
            </accessor>
          </technique_common>
        </source>
        <source id="meshId0-tex0" name="meshId0-tex0">
          <float_array id="meshId0-tex0-array" count="134"> 0.41939 0.155243 0.598623 0.12103 0.599812 0.125463 0.420209 0.159742 0.606139 0.316991 0.602136 0.128833 0.606695 0.129066 0.610702 0.316579 0.59569 0.00253955 0.60683 0.119988 0.602714 0.120435 0.590706 0.00331884 0.590706 0.00331884 0.602714 0.120435 0.585738 0.00409826 0.789648 0.124304 0.606819 0.124524 0.789292 0.119752 0.789292 0.119752 0.606819 0.124524 0.789065 0.115196 0.796242 0.31133 0.794199 0.123812 0.800807 0.311477 0.978582 0.146512 0.796308 0.120886 0.797264 0.116416 0.979169 0.141968 0.805997 0.000617483 0.793178 0.115733 0.800975 0.000304283 0.800975 0.000304283 0.793178 0.115733 0.795945 0 0.396336 0.038453 0.414953 0.156331 0.391862 0.0394331 0.607559 0.444426 0.606424 0.325261 0.610973 0.325655 0.612149 0.444564 0.796512 0.32047 0.610929 0.321116 0.79628 0.3159 0.79628 0.3159 0.610929 0.321116 0.803297 0.435912 0.801033 0.319768 0.807858 0.435468 0 0.0275706 0.983649 0.142837 0.979169 0.141968 0.995477 0.0268181 0.995477 0.0268181 0.603208 0.124362 0.603208 0.124362 0.603208 0.124362 0.792874 0.119591 0.792874 0.119591 0.792874 0.119591 0.607295 0.321144 0.416455 0.159782 0.607295 0.321144 0.982332 0.146358 0.983649 0.142837 0.799907 0.315707 0.799907 0.315707 </float_array>
          <technique_common>
            <accessor count="67" offset="0" source="#meshId0-tex0-array" stride="2">
              <param name="S" type="float" />
              <param name="T" type="float" />
            </accessor>
          </technique_common>
        </source>
        <vertices id="meshId0-vertices">
          <input semantic="POSITION" source="#meshId0-positions" />
        </vertices>
        <polylist count="66" material="defaultMaterial">
          <input offset="0" semantic="VERTEX" source="#meshId0-vertices" />
          <input offset="0" semantic="NORMAL" source="#meshId0-normals" />
          <input offset="0" semantic="TANGENT" source="#meshId0-tangents" />
          <input offset="0" semantic="BINORMAL" source="#meshId0-bitangents" />
          <input offset="0" semantic="TEXCOORD" source="#meshId0-tex0" set="0" />
          <vcount>3 3 3 3 3 3 3 3 3 3 3 3 3 3 3 3 3 3 3 3 3 3 3 3 3 3 3 3 3 3 3 3 3 3 3 3 3 3 3 3 3 3 3 3 3 3 3 3 3 3 3 3 3 3 3 3 3 3 3 3 3 3 3 3 3 3 </vcount>
          <p>0 1 2 2 3 0 4 5 6 6 7 4 8 9 10 10 11 8 12 13 1 1 14 12 15 6 16 16 17 15 18 19 9 9 20 18 21 15 22 22 23 21 24 25 26 26 27 24 28 26 29 29 30 28 31 32 20 20 33 31 34 0 35 35 36 34 37 38 39 39 40 37 41 39 42 42 43 41 44 45 7 7 21 44 46 41 47 47 48 46 49 50 51 51 52 49 20 9 8 8 33 20 7 6 15 15 21 7 40 39 41 41 46 40 27 26 28 28 53 27 1 0 34 34 14 1 54 16 6 6 5 54 55 2 1 1 13 55 56 10 9 9 19 56 57 29 26 26 25 57 58 22 15 15 17 58 59 18 20 20 32 59 60 42 39 39 38 60 61 35 0 0 3 61 62 4 7 7 45 62 63 24 27 27 64 63 65 47 41 41 43 65 66 44 21 21 23 66 </p>
        </polylist>
      </mesh>
    </geometry>
    <geometry id="meshId1" name="meshId1_name" >
      <mesh>
        <source id="meshId1-positions" name="meshId1-positions">
          <float_array id="meshId1-positions-array" count="921"> 0.154279 -0.769781 -0.0639045 0.145234 -0.781313 -0.0601578 0.111157 -0.781313 -0.111157 0.11808 -0.769781 -0.11808 0.060158 -0.781313 -0.145234 0.0639046 -0.769781 -0.154279 1.09416e-07 -0.781313 -0.1572 1.09416e-07 -0.769781 -0.166991 1.09416e-07 -0.769781 -0.166991 1.09416e-07 -0.781313 -0.1572 -0.0601579 -0.781313 -0.145234 -0.0639044 -0.769781 -0.154279 -0.111157 -0.781313 -0.111157 -0.11808 -0.769781 -0.11808 -0.145234 -0.781313 -0.060158 -0.154279 -0.769781 -0.0639046 -0.1572 -0.781313 -5.62192e-08 -0.166991 -0.769781 -6.00123e-08 -0.145234 -0.781313 0.0601579 -0.154279 -0.769781 0.0639045 -0.111157 -0.781313 0.111157 -0.11808 -0.769781 0.11808 -0.060158 -0.781313 0.145234 -0.0639046 -0.769781 0.154279 1.38619e-18 -0.781313 0.1572 3.90972e-19 -0.769781 0.166991 0.0601579 -0.781313 0.145234 0.0639046 -0.769781 0.154279 0.111157 -0.781313 0.111157 0.11808 -0.769781 0.11808 0.145234 -0.781313 0.0601579 0.154279 -0.769781 0.0639046 0.1572 -0.781313 -6.58049e-19 0.166991 -0.769781 -2.91778e-10 0.156809 -0.758165 -0.0649522 0.120016 -0.758165 -0.120016 0.0649524 -0.758165 -0.156809 1.09416e-07 -0.758165 -0.169729 1.09416e-07 -0.758165 -0.169729 -0.0649523 -0.758165 -0.156809 -0.120016 -0.758165 -0.120016 -0.156809 -0.758165 -0.0649524 -0.169729 -0.758165 -6.11499e-08 -0.156809 -0.758165 0.0649523 -0.120016 -0.758165 0.120016 -0.0649524 -0.758165 0.156809 3.1187e-18 -0.758165 0.169729 0.0649524 -0.758165 0.156809 0.120016 -0.758165 0.120016 0.156809 -0.758165 0.0649524 0.169729 -0.758165 -4.50193e-10 0.152834 -0.747654 -0.0633057 0.116974 -0.747654 -0.116974 0.0633059 -0.747654 -0.152834 1.09416e-07 -0.747654 -0.165426 1.09416e-07 -0.747654 -0.165426 -0.0633057 -0.747654 -0.152834 -0.116974 -0.747654 -0.116974 -0.152834 -0.747654 -0.0633058 -0.165426 -0.747654 -5.95998e-08 -0.152834 -0.747654 0.0633058 -0.116974 -0.747654 0.116974 -0.0633059 -0.747654 0.152834 3.64239e-18 -0.747654 0.165426 0.0633058 -0.747654 0.152834 0.116974 -0.747654 0.116974 0.152834 -0.747654 0.0633058 0.165426 -0.747654 -4.3878e-10 0.143438 -0.738251 -0.0594139 0.109783 -0.738251 -0.109783 0.0594141 -0.738251 -0.143438 1.09416e-07 -0.738251 -0.155256 1.09416e-07 -0.738251 -0.155256 -0.0594138 -0.738251 -0.143438 -0.109783 -0.738251 -0.109783 -0.143438 -0.738251 -0.059414 -0.155256 -0.738251 -5.59358e-08 -0.143438 -0.738251 0.0594139 -0.109783 -0.738251 0.109783 -0.0594141 -0.738251 0.143438 4.50654e-19 -0.738251 0.155256 0.0594141 -0.738251 0.143438 0.109783 -0.738251 0.109783 0.143438 -0.738251 0.059414 0.155256 -0.738251 -4.11805e-10 0.105539 -0.738251 -0.0437155 0.0807761 -0.738251 -0.0807759 0.0437157 -0.738251 -0.105539 1.09416e-07 -0.738251 -0.114235 1.09416e-07 -0.738251 -0.114235 -0.0437156 -0.738251 -0.105539 -0.0807758 -0.738251 -0.080776 -0.105539 -0.738251 -0.0437156 -0.114234 -0.738251 -4.11565e-08 -0.105539 -0.738251 0.0437155 -0.080776 -0.738251 0.0807759 -0.0437157 -0.738251 0.105539 -7.53711e-19 -0.738251 0.114235 0.0437156 -0.738251 0.105539 0.080776 -0.738251 0.080776 0.105539 -0.738251 0.0437156 0.114234 -0.738251 -3.02998e-10 0.0959803 -0.724949 -0.0397562 0.0734602 -0.724949 -0.0734599 0.0397563 -0.724949 -0.0959802 -1.08209e-18 -0.724949 -0.103888 -1.08209e-18 -0.724949 -0.103888 -0.0397562 -0.724949 -0.0959802 -0.0734599 -0.724949 -0.07346 -0.0959802 -0.724949 -0.0397563 -0.103888 -0.724949 -3.74289e-08 -0.0959803 -0.724949 0.0397562 -0.0734599 -0.724949 0.07346 -0.0397563 -0.724949 0.0959802 1.07491e-19 -0.724949 0.103888 0.0397562 -0.724949 0.0959802 0.0734599 -0.724949 0.07346 0.0959802 -0.724949 0.0397562 0.103888 -0.724949 -2.75555e-10 0.0933734 -0.712977 -0.0386764 0.071465 -0.712977 -0.0714647 0.0386765 -0.712977 -0.0933733 -5.00312e-19 -0.712977 -0.101067 -5.00312e-19 -0.712977 -0.101067 -0.0386764 -0.712977 -0.0933733 -0.0714647 -0.712977 -0.0714648 -0.0933733 -0.712977 -0.0386765 -0.101066 -0.712977 -3.64123e-08 -0.0933734 -0.712977 0.0386764 -0.0714647 -0.712977 0.0714648 -0.0386765 -0.712977 0.0933733 -6.05587e-19 -0.712977 0.101067 0.0386764 -0.712977 0.0933733 0.0714647 -0.712977 0.0714648 0.0933733 -0.712977 0.0386764 0.101066 -0.712977 -2.68071e-10 0.0977182 -0.701006 -0.0404761 0.0747903 -0.701006 -0.0747901 0.0404762 -0.701006 -0.0977181 1.28406e-18 -0.701006 -0.105769 1.28406e-18 -0.701006 -0.105769 -0.0404761 -0.701006 -0.0977181 -0.0747901 -0.701006 -0.0747902 -0.0977181 -0.701006 -0.0404762 -0.105769 -0.701006 -3.81066e-08 -0.0977182 -0.701006 0.0404761 -0.0747902 -0.701006 0.0747902 -0.0404762 -0.701006 0.0977181 -1.40674e-18 -0.701006 0.105769 0.0404762 -0.701006 0.0977181 0.0747902 -0.701006 0.0747902 0.0977181 -0.701006 0.0404761 0.105769 -0.701006 -2.80545e-10 0.105973 -0.69103 -0.0438955 0.0811086 -0.69103 -0.0811084 0.0438957 -0.69103 -0.105973 1.09416e-07 -0.69103 -0.114705 1.09416e-07 -0.69103 -0.114705 -0.0438955 -0.69103 -0.105973 -0.0811085 -0.69103 -0.0811085 -0.105973 -0.69103 -0.0438956 -0.114705 -0.69103 -4.13259e-08 -0.105973 -0.69103 0.0438955 -0.0811085 -0.69103 0.0811085 -0.0438955 -0.69103 0.105973 9.57676e-19 -0.69103 0.114705 0.0438955 -0.69103 0.105973 0.0811085 -0.69103 0.0811085 0.105973 -0.69103 0.0438955 0.114705 -0.69103 -3.04245e-10 0.122081 -0.69103 -0.0505673 0.0934365 -0.69103 -0.0934363 0.0505674 -0.69103 -0.12208 1.09416e-07 -0.69103 -0.132139 1.09416e-07 -0.69103 -0.132139 -0.0505672 -0.69103 -0.122081 -0.0934363 -0.69103 -0.0934363 -0.122081 -0.69103 -0.0505674 -0.132139 -0.69103 -4.76071e-08 -0.122081 -0.69103 0.0505673 -0.0934363 -0.69103 0.0934363 -0.0505673 -0.69103 0.12208 4.22841e-19 -0.69103 0.132139 0.0505673 -0.69103 0.12208 0.0934363 -0.69103 0.0934363 0.122081 -0.69103 0.0505673 0.132139 -0.69103 -3.50488e-10 0.127617 -0.682555 -0.0528605 0.0976738 -0.682555 -0.0976736 0.0528607 -0.682555 -0.127617 1.09416e-07 -0.682555 -0.138132 1.09416e-07 -0.682555 -0.138132 -0.0528605 -0.682555 -0.127617 -0.0976736 -0.682555 -0.0976737 -0.127617 -0.682555 -0.0528606 -0.138131 -0.682555 -4.97661e-08 -0.127617 -0.682555 0.0528605 -0.0976737 -0.682555 0.0976737 -0.0528606 -0.682555 0.127617 -2.60353e-19 -0.682555 0.138132 0.0528606 -0.682555 0.127617 0.0976737 -0.682555 0.0976737 0.127617 -0.682555 0.0528605 0.138131 -0.682555 -3.66383e-10 0.129897 -0.675077 -0.0538048 0.0994186 -0.675077 -0.0994183 0.0538049 -0.675077 -0.129896 1.09416e-07 -0.675077 -0.140599 1.09416e-07 -0.675077 -0.140599 -0.0538047 -0.675077 -0.129897 -0.0994184 -0.675077 -0.0994184 -0.129896 -0.675077 -0.0538048 -0.140599 -0.675077 -5.06551e-08 -0.129897 -0.675077 0.0538048 -0.0994184 -0.675077 0.0994184 -0.0538048 -0.675077 0.129896 -8.74666e-19 -0.675077 0.140599 0.0538048 -0.675077 0.129896 0.0994184 -0.675077 0.0994184 0.129897 -0.675077 0.0538048 0.140599 -0.675077 -3.72928e-10 0.127291 -0.6676 -0.0527256 0.0974245 -0.6676 -0.0974243 0.0527258 -0.6676 -0.127291 1.09416e-07 -0.6676 -0.137779 1.09416e-07 -0.6676 -0.137779 -0.0527255 -0.6676 -0.127291 -0.0974243 -0.6676 -0.0974244 -0.127291 -0.6676 -0.0527257 -0.137779 -0.6676 -4.96391e-08 -0.127291 -0.6676 0.0527256 -0.0974244 -0.6676 0.0974244 -0.0527257 -0.6676 0.127291 -1.39688e-18 -0.6676 0.137779 0.0527257 -0.6676 0.127291 0.0974244 -0.6676 0.0974244 0.127291 -0.6676 0.0527256 0.137779 -0.6676 -3.65448e-10 -3.34612e-18 -0.6676 0.137779 0.11915 -0.658626 -0.0493532 0.127291 -0.6676 -0.0527256 0.0974245 -0.6676 -0.0974243 0.0911932 -0.658626 -0.0911929 0.0527258 -0.6676 -0.127291 0.0493533 -0.658626 -0.119149 1.09416e-07 -0.6676 -0.137779 1.09416e-07 -0.658626 -0.128967 1.09416e-07 -0.658626 -0.128967 1.09416e-07 -0.6676 -0.137779 -0.0527255 -0.6676 -0.127291 -0.0493532 -0.658626 -0.11915 -0.0974243 -0.6676 -0.0974244 -0.0911929 -0.658626 -0.091193 -0.127291 -0.6676 -0.0527257 -0.119149 -0.658626 -0.0493533 -0.137779 -0.6676 -4.96391e-08 -0.128966 -0.658626 -4.64641e-08 -0.127291 -0.6676 0.0527256 -0.11915 -0.658626 0.0493532 -0.0974244 -0.6676 0.0974244 -0.0911931 -0.658626 0.091193 -0.0527257 -0.6676 0.127291 -0.0493532 -0.658626 0.119149 -3.34612e-18 -0.6676 0.137779 -1.95368e-18 -0.658626 0.128967 0.0527257 -0.6676 0.127291 0.0493532 -0.658626 0.119149 0.0974244 -0.6676 0.0974244 0.0911931 -0.658626 0.091193 0.127291 -0.6676 0.0527256 0.119149 -0.658626 0.0493532 0.137779 -0.6676 -3.65448e-10 0.128966 -0.658626 -3.42073e-10 0.0972064 -0.658626 -0.040264 0.0743984 -0.658626 -0.0743983 0.0402641 -0.658626 -0.0972062 -1.92355e-18 -0.658626 -0.105215 -1.92355e-18 -0.658626 -0.105215 -0.040264 -0.658626 -0.0972063 -0.0743983 -0.658626 -0.0743984 -0.0972061 -0.658626 -0.0402641 -0.105215 -0.658626 -3.7907e-08 -0.0972064 -0.658626 0.040264 -0.0743984 -0.658626 0.0743984 -0.0402641 -0.658626 0.0972062 2.54947e-18 -0.658626 0.105215 0.040264 -0.658626 0.0972062 0.0743984 -0.658626 0.0743984 0.0972062 -0.658626 0.040264 0.105215 -0.658626 -2.79075e-10 0.0972064 -0.63199 -0.040264 0.0743984 -0.63199 -0.0743983 0.0402641 -0.63199 -0.0972061 -2.40165e-18 -0.63199 -0.105215 -2.40165e-18 -0.63199 -0.105215 -0.040264 -0.63199 -0.0972062 -0.0743983 -0.63199 -0.0743984 -0.0972061 -0.63199 -0.0402641 -0.105215 -0.63199 -3.7907e-08 -0.0972064 -0.63199 0.040264 -0.0743984 -0.63199 0.0743984 -0.0402641 -0.63199 0.0972061 2.98337e-18 -0.63199 0.105215 0.040264 -0.63199 0.0972062 0.0743984 -0.63199 0.0743984 0.0972062 -0.63199 0.040264 0.105215 -0.63199 9.46083e-11 </float_array>
          <technique_common>
            <accessor count="307" offset="0" source="#meshId1-positions-array" stride="3">
              <param name="X" type="float" />
              <param name="Y" type="float" />
              <param name="Z" type="float" />
            </accessor>
          </technique_common>
        </source>
        <source id="meshId1-normals" name="meshId1-normals">
          <float_array id="meshId1-normals-array" count="921"> 0.82026 -0.460148 -0.339761 0.704285 -0.64721 -0.291723 0.539035 -0.647211 -0.539035 0.627799 -0.460147 -0.6278 0.291724 -0.647211 -0.704283 0.339763 -0.460146 -0.82026 4.0793e-07 -0.647211 -0.762311 4.85428e-07 -0.460147 -0.887843 4.85428e-07 -0.460147 -0.887843 4.0793e-07 -0.647211 -0.762311 -0.291725 -0.647208 -0.704286 -0.339762 -0.460147 -0.82026 -0.539037 -0.647208 -0.539037 -0.6278 -0.460145 -0.627801 -0.704285 -0.647209 -0.291724 -0.820262 -0.460143 -0.339763 -0.762312 -0.64721 -4.23324e-07 -0.887843 -0.460146 -1.23299e-06 -0.704283 -0.647211 0.291723 -0.820259 -0.460149 0.339762 -0.539036 -0.64721 0.539035 -0.627799 -0.460147 0.6278 -0.291724 -0.64721 0.704284 -0.339763 -0.460145 0.820261 -1.38542e-07 -0.647211 0.762311 -1.0194e-07 -0.460144 0.887844 0.291723 -0.647211 0.704284 0.339764 -0.460145 0.820261 0.539035 -0.647211 0.539035 0.6278 -0.460146 0.6278 0.704285 -0.64721 0.291723 0.82026 -0.460146 0.339762 0.762313 -0.647209 8.62045e-07 0.887843 -0.460147 1.00969e-06 0.921822 0.0667036 -0.38183 0.705532 0.0667056 -0.705532 0.381832 0.0667071 -0.921821 6.88087e-07 0.0667073 -0.997773 6.88087e-07 0.0667073 -0.997773 -0.381832 0.0667069 -0.921821 -0.705532 0.0667077 -0.705532 -0.921821 0.0667083 -0.381831 -0.997773 0.0667058 -2.35997e-06 -0.921822 0.0667038 0.38183 -0.705531 0.0667055 0.705532 -0.381832 0.0667072 0.921821 -7.677e-08 0.0667077 0.997773 0.381832 0.0667079 0.921821 0.705531 0.066708 0.705533 0.921822 0.0667079 0.381831 0.997773 0.0667056 1.61501e-06 0.758357 0.571159 -0.314121 0.580421 0.571158 -0.580422 0.314123 0.571157 -0.758358 4.97409e-07 0.571159 -0.82084 4.97409e-07 0.571159 -0.82084 -0.314122 0.57116 -0.758356 -0.580421 0.571158 -0.580422 -0.758359 0.571156 -0.314123 -0.820841 0.571156 -2.04172e-06 -0.758357 0.571158 0.314121 -0.580421 0.571158 0.580422 -0.314123 0.571157 0.758358 -3.90636e-08 0.571158 0.82084 0.314122 0.571157 0.758358 0.580422 0.571157 0.580422 0.758357 0.571158 0.314122 0.82084 0.571158 1.71619e-06 0.223012 0.970429 -0.0923744 0.170686 0.970429 -0.170686 0.0923748 0.970429 -0.223012 6.73022e-08 0.970429 -0.241387 6.73022e-08 0.970429 -0.241387 -0.0923746 0.970429 -0.223012 -0.170686 0.970429 -0.170686 -0.223012 0.970429 -0.0923747 -0.241386 0.970429 -6.50535e-07 -0.223012 0.970429 0.0923743 -0.170686 0.970429 0.170686 -0.0923747 0.970429 0.223012 4.48681e-09 0.970429 0.241387 0.0923748 0.970429 0.223012 0.170686 0.970429 0.170686 0.223012 0.970429 0.0923744 0.241386 0.970429 6.55022e-07 0.167655 0.983397 -0.069445 0.128318 0.983397 -0.128318 0.0694456 0.983397 -0.167656 1.60211e-07 0.983397 -0.181469 1.60211e-07 0.983397 -0.181469 -0.0694455 0.983397 -0.167656 -0.128318 0.983397 -0.128318 -0.167655 0.983397 -0.0694453 -0.181469 0.983397 -3.99146e-07 -0.167655 0.983397 0.0694449 -0.128318 0.983397 0.128318 -0.0694455 0.983397 0.167655 0 0.983397 0.181469 0.0694455 0.983397 0.167656 0.128318 0.983397 0.128318 0.167655 0.983397 0.0694452 0.181469 0.983397 3.96384e-07 0.811853 0.477295 -0.336279 0.621365 0.477295 -0.621365 0.336282 0.477297 -0.811851 -1.92006e-07 0.477298 -0.878742 -1.92006e-07 0.477298 -0.878742 -0.336281 0.477296 -0.811852 -0.621365 0.477295 -0.621366 -0.811853 0.477295 -0.336281 -0.878743 0.477294 -1.27896e-06 -0.811852 0.477296 0.33628 -0.621364 0.477296 0.621365 -0.336281 0.477297 0.811851 4.88151e-08 0.477298 0.878742 0.336282 0.477297 0.811851 0.621364 0.477297 0.621365 0.811852 0.477296 0.336281 0.878743 0.477294 1.28872e-06 0.920747 -0.0822889 -0.381384 0.704709 -0.0822903 -0.704709 0.381387 -0.0822904 -0.920745 5.0492e-07 -0.0822903 -0.996608 5.0492e-07 -0.0822903 -0.996608 -0.381387 -0.0822899 -0.920745 -0.704709 -0.0822895 -0.704709 -0.920746 -0.0822887 -0.381386 -0.996609 -0.0822881 -1.42332e-06 -0.920746 -0.0822899 0.381386 -0.704708 -0.0822918 0.704709 -0.381387 -0.0822911 0.920745 3.1806e-08 -0.0822906 0.996608 0.381387 -0.0822919 0.920745 0.704708 -0.0822923 0.704709 0.920746 -0.0822896 0.381386 0.996609 -0.0822879 1.43525e-06 0.776306 -0.542174 -0.321555 0.594158 -0.542174 -0.594158 0.321557 -0.542174 -0.776304 1.80541e-08 -0.542174 -0.840266 1.80541e-08 -0.542174 -0.840266 -0.321557 -0.542175 -0.776304 -0.594157 -0.542175 -0.594158 -0.776305 -0.542174 -0.321556 -0.840267 -0.542173 -1.2674e-06 -0.776305 -0.542174 0.321555 -0.594158 -0.542175 0.594157 -0.321557 -0.542174 0.776304 -1.08324e-08 -0.542174 0.840266 0.321557 -0.542175 0.776304 0.594158 -0.542176 0.594157 0.776304 -0.542175 0.321556 0.840266 -0.542174 1.06158e-06 0.268205 -0.956935 -0.111094 0.205276 -0.956935 -0.205276 0.111095 -0.956935 -0.268205 4.40353e-07 -0.956935 -0.290303 4.40353e-07 -0.956935 -0.290303 -0.111095 -0.956935 -0.268205 -0.205276 -0.956935 -0.205276 -0.268205 -0.956935 -0.111095 -0.290304 -0.956935 -4.57968e-07 -0.268205 -0.956935 0.111094 -0.205276 -0.956934 0.205276 -0.111095 -0.956935 0.268206 0 -0.956935 0.290303 0.111095 -0.956935 0.268205 0.205276 -0.956934 0.205276 0.268205 -0.956935 0.111094 0.290304 -0.956934 1.74531e-07 0.376491 -0.9132 -0.155947 0.288154 -0.9132 -0.288154 0.155948 -0.9132 -0.376491 2.43735e-07 -0.9132 -0.407511 2.43735e-07 -0.9132 -0.407511 -0.155948 -0.9132 -0.376491 -0.288154 -0.9132 -0.288155 -0.376492 -0.9132 -0.155948 -0.407511 -0.9132 -7.24436e-07 -0.376491 -0.9132 0.155948 -0.288153 -0.9132 0.288154 -0.155948 -0.9132 0.376491 4.7393e-08 -0.9132 0.407511 0.155948 -0.9132 0.376491 0.288154 -0.9132 0.288154 0.376492 -0.9132 0.155948 0.407511 -0.9132 4.23152e-07 0.820752 -0.459119 -0.339965 0.628175 -0.459118 -0.628177 0.339968 -0.459117 -0.820751 4.81304e-07 -0.459117 -0.888376 4.81304e-07 -0.459117 -0.888376 -0.339967 -0.459118 -0.820752 -0.628175 -0.459117 -0.628177 -0.820752 -0.459116 -0.339967 -0.888376 -0.459117 -1.66768e-06 -0.820751 -0.459119 0.339966 -0.628175 -0.459118 0.628177 -0.339968 -0.459117 0.820752 7.59954e-08 -0.459117 0.888376 0.339968 -0.459117 0.820752 0.628176 -0.459118 0.628176 0.820752 -0.459118 0.339966 0.888375 -0.459118 1.06393e-06 0.923648 0.0224341 -0.382586 0.70693 0.0224342 -0.706928 0.382589 0.0224347 -0.923646 6.27998e-07 0.0224344 -0.999748 6.27998e-07 0.0224344 -0.999748 -0.382588 0.0224342 -0.923647 -0.70693 0.0224337 -0.706928 -0.923647 0.0224338 -0.382587 -0.999748 0.0224343 -1.94526e-06 -0.923647 0.022434 0.382587 -0.706928 0.0224341 0.706929 -0.382588 0.0224346 0.923647 -3.57397e-08 0.0224343 0.999748 0.382588 0.0224344 0.923647 0.706928 0.0224339 0.706929 0.923647 0.0224338 0.382587 0.999748 0.0224343 1.02624e-06 0.86445 0.352868 -0.358064 0.661622 0.352868 -0.66162 0.358069 0.352867 -0.864449 7.37674e-07 0.352864 -0.935675 7.37674e-07 0.352864 -0.935675 -0.358068 0.352864 -0.86445 -0.661621 0.352866 -0.661621 -0.86445 0.352867 -0.358066 -0.935673 0.352868 -1.89688e-06 -0.864451 0.352866 0.358066 -0.661622 0.352864 0.661622 -0.358068 0.352865 0.86445 -1.31727e-07 0.352865 0.935674 0.358068 0.352865 0.86445 0.661623 0.352863 0.661622 0.864451 0.352864 0.358066 0.935673 0.352867 9.83568e-07 -5.32839e-08 0.700692 0.713464 0.30568 0.943678 -0.126616 0.659156 0.70069 -0.273031 0.504496 0.70069 -0.504497 0.233957 0.943678 -0.233957 0.273033 0.700691 -0.659155 0.126617 0.943678 -0.305679 5.99444e-07 0.700692 -0.713464 3.34468e-07 0.943678 -0.330865 3.34468e-07 0.943678 -0.330865 5.99444e-07 0.700692 -0.713464 -0.273032 0.70069 -0.659157 -0.126617 0.943678 -0.30568 -0.504496 0.70069 -0.504497 -0.233957 0.943678 -0.233958 -0.659156 0.700691 -0.273032 -0.305679 0.943678 -0.126617 -0.713466 0.70069 -1.25217e-06 -0.330865 0.943678 -9.09974e-07 -0.659157 0.700691 0.27303 -0.30568 0.943678 0.126617 -0.504496 0.700691 0.504497 -0.233957 0.943678 0.233958 -0.273032 0.700691 0.659155 -0.126617 0.943678 0.305679 -5.32839e-08 0.700692 0.713464 -2.59277e-08 0.943678 0.330865 0.273032 0.70069 0.659156 0.126617 0.943678 0.305679 0.504495 0.70069 0.504497 0.233957 0.943678 0.233958 0.659156 0.700691 0.273031 0.30568 0.943678 0.126617 0.713466 0.70069 7.25992e-07 0.330865 0.943678 3.94103e-07 0.616435 0.744857 -0.255336 0.4718 0.744856 -0.4718 0.255337 0.744856 -0.616435 6.65175e-07 0.744856 -0.667225 6.65175e-07 0.744856 -0.667225 -0.255337 0.744856 -0.616435 -0.4718 0.744855 -0.4718 -0.616436 0.744855 -0.255337 -0.667227 0.744855 -2.1072e-06 -0.616436 0.744856 0.255336 -0.4718 0.744855 0.471801 -0.255337 0.744855 0.616436 -5.34082e-08 0.744856 0.667225 0.255337 0.744855 0.616437 0.471799 0.744856 0.4718 0.616436 0.744856 0.255336 0.667227 0.744855 9.07944e-07 0.92388 1.83295e-08 -0.382684 0.707106 1.82887e-07 -0.707107 0.382685 3.73666e-07 -0.923879 9.96928e-07 6.42282e-07 -1 9.96928e-07 6.42282e-07 -1 -0.382685 8.33154e-07 -0.923879 -0.707107 3.81651e-07 -0.707107 -0.923879 0 -0.382684 -1 -6.39793e-13 -2.74337e-06 -0.92388 -6.39792e-13 0.382683 -0.707106 1.82887e-07 0.707107 -0.382684 3.73666e-07 0.923879 -8.00453e-08 1.9078e-07 1 0.382684 0 0.923879 0.707106 0 0.707107 0.92388 0 0.382683 1 1.83295e-08 1.36077e-06 </float_array>
          <technique_common>
            <accessor count="307" offset="0" source="#meshId1-normals-array" stride="3">
              <param name="X" type="float" />
              <param name="Y" type="float" />
              <param name="Z" type="float" />
            </accessor>
          </technique_common>
        </source>
        <source id="meshId1-tangents" name="meshId1-tangents">
          <float_array id="meshId1-tangents-array" count="921"> -0.440265 -0.1287 -0.888596 -0.470478 -0.117789 -0.874515 -0.789476 -0.165189 -0.591135 -0.758721 -0.181656 -0.625575 -0.955773 -0.225985 -0.188223 -0.935486 -0.255377 -0.244231 -0.976761 -0.163389 0.138719 -0.969524 -0.217518 0.112733 -0.921162 0.345529 -0.17908 -0.926331 0.28717 -0.243811 -0.941112 0.325771 0.0904519 -0.916058 0.359489 0.177778 -0.812236 0.230011 0.536067 -0.769805 0.247692 0.588259 -0.4982 0.157844 0.852574 -0.457034 0.170083 0.873036 -0.091842 0.108175 0.98988 -0.0606158 0.116954 0.991286 0.325162 0.0712 0.942974 0.344255 0.0772251 0.935695 0.681147 0.0414942 0.73097 0.689655 0.0451276 0.72273 0.918374 0.0162946 0.395377 0.92017 0.017768 0.391114 0.99997 -0.00592075 -0.00502661 0.999974 -0.00643834 -0.00333669 0.914836 -0.0261607 -0.402977 0.91774 -0.0285483 -0.396155 0.67861 -0.0453785 -0.733096 0.68784 -0.0495639 -0.724168 0.330355 -0.0649384 -0.94162 0.34749 -0.0709435 -0.934996 -0.0741747 -0.0873679 -0.993411 -0.0494563 -0.0954271 -0.994207 -0.370701 -0.136088 -0.918728 -0.684681 -0.192719 -0.702902 -0.878849 -0.282494 -0.384475 -0.938352 -0.344912 -0.0230602 -0.883145 0.468056 0.0312919 -0.839655 0.39178 0.376148 -0.669736 0.262715 0.694576 -0.365266 0.180156 0.913304 0.00830063 0.124194 0.992223 0.38646 0.0822413 0.918632 0.70856 0.0481955 0.704003 0.924198 0.0190692 0.381436 0.999977 -0.00675795 0.000451886 0.924228 -0.0303625 -0.380632 0.708613 -0.0527596 -0.703622 0.386247 -0.075438 -0.919305 0.00676858 -0.101219 -0.994841 -0.306384 -0.113016 -0.945175 -0.615191 -0.159441 -0.772087 -0.819457 -0.240233 -0.520363 -0.891966 -0.371103 -0.258222 -0.826648 0.461903 0.321402 -0.75775 0.330404 0.562716 -0.574222 0.218318 0.789054 -0.279833 0.149971 0.948263 0.0722469 0.103834 0.991967 0.425693 0.069012 0.902232 0.726208 0.0405777 0.686277 0.928 0.0161456 0.372231 0.999977 -0.00557283 0.00387773 0.930208 -0.0254296 -0.366152 0.727842 -0.0442305 -0.684317 0.422152 -0.0631607 -0.904322 0.0587848 -0.0844796 -0.99469 -0.260368 -0.0320209 -0.964978 -0.567924 -0.0446656 -0.821868 -0.779993 -0.0686948 -0.622007 -0.856125 -0.124741 -0.501487 -0.78309 0.150121 0.603518 -0.707388 0.0936656 0.700592 -0.510658 0.0610256 0.857615 -0.219492 0.0423396 0.974695 0.119119 0.0296306 0.992438 0.455169 0.0198658 0.890183 0.739757 0.0117819 0.672771 0.931036 0.0047688 0.364897 0.999981 -0.00150468 0.00604913 0.934625 -0.00725615 -0.35556 0.742214 -0.012694 -0.670043 0.44893 -0.0181272 -0.893383 0.0970752 -0.024146 -0.994984 -0.249876 -0.0257528 -0.967935 -0.565535 -0.0337305 -0.824034 -0.785321 -0.049747 -0.617087 -0.861641 -0.0920985 -0.499091 -0.764771 0.116921 0.633605 -0.709621 0.0694253 0.701155 -0.497546 0.0480913 0.866103 -0.200195 0.0350136 0.97913 0.136358 0.025163 0.99034 0.466811 0.0171452 0.884191 0.745401 0.0102906 0.666537 0.932409 0.00423465 0.36138 0.999977 -0.00122735 0.00665111 0.936257 -0.00623142 -0.351261 0.747625 -0.0109075 -0.664032 0.458608 -0.0154421 -0.888504 0.109309 -0.0201708 -0.993803 -0.304041 -0.146101 -0.941389 -0.623126 -0.179737 -0.761189 -0.838816 -0.240101 -0.488609 -0.912667 -0.359145 -0.195073 -0.793731 0.534511 0.290325 -0.776206 0.347703 0.525935 -0.574238 0.262129 0.775589 -0.27367 0.197692 0.941288 0.078634 0.144775 0.986335 0.430283 0.0997872 0.897162 0.728556 0.0601663 0.682339 0.928605 0.0244579 0.370264 0.999957 -0.0081119 0.004406 0.93092 -0.0380444 -0.363235 0.7304 -0.0658189 -0.679841 0.426811 -0.0921403 -0.899635 0.0642204 -0.118233 -0.990907 -0.389917 -0.15953 -0.906926 -0.705308 -0.189026 -0.683235 -0.907209 -0.2246 -0.355707 -0.9742 -0.224923 0.0185715 -0.88814 0.458014 -0.0378188 -0.876637 0.348267 0.331991 -0.69489 0.280558 0.662129 -0.390073 0.215065 0.895315 -0.0131336 0.159047 0.987184 0.371915 0.110327 0.921687 0.701635 0.0666258 0.709415 0.922701 0.0267377 0.384587 0.999951 -0.00990176 -0.000817625 0.921614 -0.0436364 -0.385646 0.700748 -0.0747775 -0.709479 0.372683 -0.103809 -0.922134 -0.0108669 -0.131629 -0.991239 -0.454319 -0.127618 -0.881651 -0.763298 -0.147087 -0.62908 -0.946307 -0.155226 -0.283564 -0.997948 -0.0537962 0.0347115 -0.955051 0.249091 -0.160724 -0.942688 0.260453 0.208574 -0.782828 0.220052 0.582028 -0.476413 0.170602 0.862511 -0.0822227 0.127428 0.988434 0.327467 0.0890128 0.940661 0.681075 0.0538671 0.73023 0.918305 0.0213649 0.395297 0.999946 -0.00869354 -0.00560942 0.914016 -0.0364242 -0.404039 0.676942 -0.0619012 -0.733429 0.329865 -0.0852873 -0.940168 -0.0690355 -0.106994 -0.99186 -0.488218 -0.0356023 -0.871995 -0.793685 -0.0400443 -0.60701 -0.963884 -0.0380231 -0.263593 -0.99687 0.022952 -0.0756589 -0.994489 0.0304363 -0.10033 -0.985408 0.0710501 0.15467 -0.832748 0.0605829 0.550328 -0.521821 0.0473716 0.851739 -0.117836 0.0357472 0.992389 0.30469 0.0251378 0.95212 0.67062 0.0152359 0.741645 0.916144 0.00597644 0.400804 0.999959 -0.00263299 -0.00867921 0.909911 -0.0105859 -0.414669 0.664139 -0.0178599 -0.747396 0.306921 -0.0244318 -0.951421 -0.09997 -0.030328 -0.994528 -0.467821 -0.0421125 -0.88282 -0.775963 -0.0463499 -0.629074 -0.955023 -0.0420748 -0.293531 -0.995642 0.0380032 -0.0851626 -0.999037 0.017879 -0.040066 -0.975306 0.0820098 0.205066 -0.806366 0.0691041 0.587365 -0.493417 0.0551883 0.86804 -0.0949946 0.04239 0.994575 0.319186 0.0301631 0.947212 0.677193 0.0184229 0.735575 0.917497 0.00727108 0.397677 0.999969 -0.00318454 -0.00713643 0.912371 -0.0128814 -0.409162 0.671671 -0.0217286 -0.740531 0.320367 -0.0296111 -0.946831 -0.0816601 -0.0364408 -0.995994 -0.426045 -0.0954582 -0.899652 -0.739912 -0.102754 -0.66481 -0.937245 -0.0935617 -0.335885 -0.999999 -0.00136757 0.000706244 -0.991277 0.117085 -0.060511 -0.940224 0.184512 0.286241 -0.752657 0.153902 0.640173 -0.438747 0.125449 0.889811 -0.0505232 0.0977569 0.993927 0.347962 0.0702135 0.934876 0.690484 0.0432001 0.722056 0.92029 0.0172651 0.390856 0.999968 -0.00715391 -0.00369727 0.917459 -0.0298281 -0.396711 0.687537 -0.0504314 -0.724396 0.348809 -0.0685559 -0.934683 -0.0432973 -0.0837809 -0.995543 -0.37872 -0.0994833 -0.920149 -0.701559 -0.104673 -0.704882 -0.918781 -0.0960412 -0.382906 -0.995804 -0.0914868 -0.00205358 -0.978015 0.208482 0.00467772 -0.905163 0.191313 0.379579 -0.695724 0.157912 0.700737 -0.376678 0.130858 0.917055 0.0023121 0.103121 0.994666 0.383163 0.0745288 0.920669 0.707088 0.0460491 0.705625 0.923879 0.0185842 0.382233 0.999973 -0.00740093 0.000166114 0.923689 -0.0315823 -0.381838 0.706945 -0.0533947 -0.70525 0.383178 -0.0725634 -0.92082 0.00198194 -0.0882765 -0.996094 -0.346707 -0.0972946 -0.932914 -0.676005 -0.101104 -0.729929 -0.905868 -0.093057 -0.413211 -0.986955 -0.150639 -0.0568099 -0.959886 0.262355 0.0989391 -0.878568 0.186086 0.439875 -0.656765 0.153061 0.738398 -0.334404 0.128207 0.933669 0.0383771 0.101767 0.994068 0.407203 0.0738008 0.910351 0.718448 0.0456954 0.694078 0.926376 0.0185643 0.376141 0.999584 0.0269829 -0.0101758 0.927866 -0.0311776 -0.371609 0.720024 -0.0526436 -0.691949 0.406494 -0.0715594 -0.910847 0.0327479 -0.0868325 -0.995685 0.992021 -0.0899497 0.0883396 -0.294356 -0.0328045 -0.955133 -0.312574 -0.0749357 -0.946933 -0.650602 -0.0756312 -0.755643 -0.638576 -0.0323052 -0.76888 -0.893839 -0.0685548 -0.443117 -0.889393 -0.0284588 -0.456257 -0.97432 -0.160649 -0.157774 -0.967097 -0.0841741 -0.240079 -0.927669 0.123547 0.352374 -0.938571 0.246207 0.241799 -0.853432 0.139794 0.502106 -0.846415 0.0579069 0.529365 -0.618049 0.114943 0.777691 -0.599852 0.0492724 0.798593 -0.289699 0.0984469 0.952041 -0.265442 0.0432477 0.963156 0.077696 0.0791146 0.993833 0.100273 0.0351578 0.994339 0.433898 0.0578339 0.899104 0.449663 0.0258631 0.892824 0.731283 0.036118 0.681117 0.738988 0.0162294 0.673523 0.929248 0.0148164 0.369158 0.931041 0.00673673 0.364853 0.99997 -0.00554528 0.00544608 0.999975 -0.00234325 0.00668339 0.932466 -0.0242712 -0.36044 0.935087 -0.0107119 -0.354257 0.734539 -0.0411991 -0.677315 0.742872 -0.0182684 -0.669184 0.432302 -0.055986 -0.899989 0.447003 -0.0248186 -0.894188 0.0664405 -0.067651 -0.995494 0.0852622 -0.0298936 -0.99591 -0.322735 -0.0567789 -0.944785 -0.663647 -0.0522999 -0.746215 -0.905456 -0.039358 -0.422612 -0.983562 -0.12048 -0.134499 -0.955975 0.195796 0.218576 -0.879647 0.0856466 0.467852 -0.635448 0.0837027 0.767594 -0.301109 0.0766383 0.950505 0.070729 0.0633604 0.995481 0.430172 0.0469653 0.901524 0.729758 0.0295742 0.683066 0.928992 0.012338 0.369894 0.999981 -0.00414105 0.00462293 0.931756 -0.0193483 -0.362568 0.732293 -0.0330025 -0.680189 0.427837 -0.044611 -0.902754 0.0593231 -0.0531393 -0.996823 -0.379766 -0.123238 -0.916837 -0.70293 -0.10854 -0.702929 -0.921744 -0.0679465 -0.381801 -0.999615 -0.0277342 -1.01792e-06 -0.983618 0.180263 -8.67618e-07 -0.911605 0.16246 0.377601 -0.695696 0.178927 0.695696 -0.377358 0.166259 0.911021 -2.71133e-06 0.1385 0.990362 0.380644 0.103097 0.918957 0.705615 0.0649283 0.705614 0.923548 0.0267664 0.382547 0.999951 -0.00987773 8.35746e-08 0.922993 -0.0437835 -0.382317 0.705162 -0.0741213 -0.705161 0.380781 -0.0995856 -0.919287 1.35186e-06 -0.117541 -0.993068 </float_array>
          <technique_common>
            <accessor count="307" offset="0" source="#meshId1-tangents-array" stride="3">
              <param name="X" type="float" />
              <param name="Y" type="float" />
              <param name="Z" type="float" />
            </accessor>
          </technique_common>
        </source>
        <source id="meshId1-bitangents" name="meshId1-bitangents">
          <float_array id="meshId1-bitangents-array" count="921"> 0.365159 0.878465 -0.308155 0.531633 0.753157 -0.387454 0.293546 0.744198 -0.6 0.173813 0.86906 -0.463167 -0.0373372 0.728044 -0.684513 -0.0970939 0.850322 -0.517228 -0.214334 0.744595 -0.63217 -0.244995 0.860785 -0.446124 0.389178 0.817848 -0.42387 0.37671 0.706152 -0.599532 0.170895 0.689199 -0.704131 0.213071 0.811808 -0.543662 -0.222962 0.726785 -0.64967 -0.115183 0.852593 -0.509723 -0.505747 0.745792 -0.433606 -0.343934 0.871401 -0.349814 -0.64066 0.754598 -0.141904 -0.456136 0.880106 -0.131729 -0.631074 0.758978 0.160304 -0.456798 0.884477 0.095064 -0.495458 0.761181 0.418478 -0.360893 0.886695 0.289012 -0.267368 0.762138 0.589627 -0.194544 0.887666 0.417375 0.00776673 0.762288 0.647191 0.00725161 0.887821 0.460132 0.279236 0.761862 0.58446 0.205706 0.887385 0.412593 0.498928 0.760959 0.414743 0.364339 0.886459 0.28539 0.62837 0.759541 0.168074 0.454339 0.885004 0.101704 0.642944 0.75729 -0.114608 0.457481 0.8827 -0.107481 -0.113245 0.988449 -0.100722 -0.182857 0.978984 -0.0902974 -0.286057 0.956947 -0.0492399 -0.345682 0.936262 0.0625947 0.469101 0.881177 0.0589125 0.386243 0.917638 -0.093583 0.231687 0.962565 -0.140677 0.129714 0.981373 -0.141705 0.0661874 0.990013 -0.124471 0.0298741 0.994378 -0.10159 0.0129574 0.996608 -0.0812683 0.00786612 0.99759 -0.0689319 0.00677304 0.99775 -0.0667062 0.00259768 0.997311 -0.0732467 -0.00971359 0.996377 -0.0844937 -0.0325204 0.994917 -0.0953061 -0.0663613 0.992625 -0.101445 -0.575346 0.813022 0.0892875 -0.533527 0.805206 0.258828 -0.479392 0.7849 0.392576 -0.452102 0.732161 0.509454 0.562719 0.678545 0.472147 0.571964 0.751405 0.329009 0.577391 0.791275 0.201255 0.588715 0.807025 0.0460965 0.566569 0.814247 -0.126495 0.49364 0.817934 -0.295474 0.36842 0.819837 -0.438331 0.200358 0.820682 -0.535105 0.0067892 0.820822 -0.571145 -0.189845 0.820447 -0.539283 -0.36518 0.819648 -0.441384 -0.496671 0.818406 -0.289014 -0.568125 0.816481 -0.10292 -0.939401 0.239253 0.245528 -0.805188 0.237218 0.543507 -0.618933 0.231405 0.750582 -0.516768 0.206657 0.830809 0.621909 0.189028 0.759933 0.700763 0.222473 0.677818 0.842671 0.233545 0.485141 0.949784 0.237644 0.20356 0.963091 0.239561 -0.122749 0.862025 0.240568 -0.44614 0.650865 0.241099 -0.719893 0.353043 0.241339 -0.903945 0.00623346 0.241382 -0.97041 -0.343428 0.241278 -0.907658 -0.648062 0.241053 -0.722433 -0.86529 0.240705 -0.439697 -0.965562 0.240176 -0.100033 -0.953653 0.179632 0.24141 -0.814681 0.178307 0.551817 -0.615182 0.174517 0.768827 -0.507518 0.156361 0.847335 0.644303 0.138782 0.752073 0.701153 0.167664 0.693018 0.857894 0.174981 0.483114 0.965305 0.178059 0.191001 0.973897 0.179716 -0.138661 0.86832 0.180657 -0.461935 0.65415 0.181177 -0.734345 0.354669 0.18142 -0.917222 0.0067634 0.181465 -0.983374 -0.344384 0.181362 -0.921145 -0.651607 0.181141 -0.736611 -0.87268 0.180811 -0.453583 -0.977303 0.180345 -0.111155 -0.498451 0.866513 0.0265048 -0.474994 0.860165 0.185733 -0.428138 0.845304 0.319623 -0.408704 0.801998 0.435614 0.608269 0.697485 0.378846 0.53331 0.807026 0.253554 0.533063 0.838736 0.111204 0.515752 0.856217 -0.029875 0.470772 0.866735 -0.164752 0.394655 0.873058 -0.286385 0.288293 0.87668 -0.385122 0.15687 0.878402 -0.451445 0.00923124 0.878704 -0.477277 -0.142485 0.877918 -0.457119 -0.283588 0.876274 -0.389515 -0.398407 0.873899 -0.27852 -0.472954 0.870753 -0.134548 0.0137876 0.983757 -0.178973 -0.0769849 0.978518 -0.191249 -0.177528 0.97097 -0.160314 -0.225688 0.970896 -0.0801673 0.459573 0.885128 -0.0730851 0.293346 0.933776 -0.204963 0.143226 0.956303 -0.254894 0.00834867 0.973127 -0.230119 -0.0812333 0.983836 -0.159588 -0.117923 0.990483 -0.0709782 -0.105331 0.994379 0.0107871 -0.0562667 0.99625 0.0657327 0.00993546 0.996559 0.0822866 0.0719136 0.995652 0.059199 0.111081 0.993799 0.00496978 0.115473 0.991187 -0.0649141 0.0815672 0.987878 -0.132077 0.436971 0.830519 -0.34539 0.253678 0.827292 -0.501233 0.0332388 0.825804 -0.562977 -0.0640228 0.838542 -0.541062 0.296443 0.802497 -0.517804 0.0891071 0.798881 -0.594852 -0.184816 0.81094 -0.555175 -0.412773 0.822765 -0.390738 -0.535902 0.830548 -0.151652 -0.538624 0.835538 0.108443 -0.427918 0.838538 0.337256 -0.230905 0.839995 0.491011 0.0103462 0.840221 0.542145 0.247336 0.839476 0.483844 0.434426 0.837982 0.330243 0.53716 0.835926 0.112636 0.537761 0.833427 -0.127333 0.830487 0.288112 -0.476741 0.572648 0.287529 -0.767725 0.242043 0.287803 -0.926598 0.0790637 0.289394 -0.953939 0.104845 0.288703 -0.951661 -0.128953 0.281475 -0.950864 -0.514192 0.283912 -0.809321 -0.809796 0.286412 -0.512054 -0.949652 0.288095 -0.123139 -0.913909 0.289213 0.284827 -0.712833 0.289904 0.638612 -0.385146 0.290242 0.876026 0.00906981 0.290291 0.956895 0.39965 0.29011 0.869549 0.718875 0.289754 0.631871 0.913162 0.289273 0.287151 0.951698 0.288716 -0.104469 0.799624 0.405329 -0.443069 0.561114 0.404867 -0.721965 0.252211 0.405334 -0.878689 0.0932572 0.405736 -0.90922 0.0438742 0.407119 -0.912321 -0.15639 0.399174 -0.903439 -0.516469 0.40161 -0.756286 -0.784088 0.403758 -0.471366 -0.908246 0.4053 -0.104023 -0.869698 0.406393 0.280124 -0.677036 0.407094 0.613104 -0.365896 0.407446 0.836724 0.00781473 0.407499 0.913172 0.378496 0.407307 0.831169 0.682514 0.406931 0.607109 0.869264 0.406434 0.281411 0.909542 0.405878 -0.089422 0.380595 0.883231 -0.273953 0.240678 0.882412 -0.404255 0.0774196 0.883435 -0.462113 -0.00153916 0.888375 -0.459117 0.131797 0.880626 -0.455112 0.0200206 0.869003 -0.494402 -0.197237 0.874943 -0.442236 -0.365878 0.879474 -0.304399 -0.456329 0.882981 -0.110041 -0.453089 0.885596 0.102128 -0.358647 0.887324 0.289877 -0.193619 0.888208 0.416651 0.00805284 0.888347 0.459103 0.206618 0.887875 0.411081 0.364263 0.886943 0.283981 0.452437 0.885726 0.103877 0.457072 0.884416 -0.0943075 -0.0587036 0.994786 -0.0833912 -0.08981 0.994254 -0.0582579 -0.0972985 0.995125 -0.0161318 -0.0915099 0.995554 0.0223402 0.208534 0.977769 0.0219413 0.185221 0.981273 -0.0528873 0.127353 0.987198 -0.0960252 0.0706376 0.991147 -0.112416 0.0223148 0.994416 -0.103147 -0.00785949 0.996966 -0.0774342 -0.0167234 0.998687 -0.0484163 -0.00858999 0.999575 -0.027837 0.0074028 0.999721 -0.0224337 0.0206046 0.999249 -0.0328054 0.0219248 0.998322 -0.0536058 0.0071043 0.997111 -0.0756191 -0.0223466 0.995843 -0.0882987 -0.364033 0.930601 0.0382353 -0.324461 0.930195 0.171648 -0.226251 0.931035 0.28633 -0.160995 0.923469 0.348261 0.280391 0.898141 0.338709 0.316078 0.916983 0.243384 0.361824 0.92307 0.130482 0.375367 0.926848 0.0071713 0.350775 0.930122 -0.108763 0.294806 0.932759 -0.207485 0.214682 0.934558 -0.283747 0.116679 0.93549 -0.333533 -0.0288379 0.935285 -0.352718 -0.104176 0.935155 -0.338575 -0.209333 0.934193 -0.2889 -0.295782 0.932934 -0.205297 -0.351344 0.931636 -0.0928025 0.126075 0.707771 -0.695101 -0.905491 0.329235 0.267749 -0.683967 0.709519 0.169623 -0.567628 0.709446 0.417715 -0.733134 0.329284 0.595052 -0.355676 0.710164 0.607587 -0.439259 0.329638 0.835697 -0.225168 0.695142 0.682698 -0.254407 0.319978 0.912628 0.373405 0.306933 0.875421 0.345087 0.669636 0.657649 0.443967 0.699636 0.559823 0.517251 0.325759 0.791412 0.602909 0.704146 0.375072 0.765142 0.327176 0.554539 0.693965 0.706641 0.138098 0.914385 0.328027 0.237272 0.696369 0.709066 -0.110886 0.938336 0.328992 -0.106258 0.614203 0.711118 -0.34215 0.839263 0.329853 -0.432242 0.459031 0.712551 -0.530624 0.631792 0.330467 -0.701163 0.2489 0.713311 -0.655161 0.342245 0.330796 -0.879456 0.00777238 0.713442 -0.700671 0.00708227 0.330857 -0.943654 -0.236559 0.713053 -0.659997 -0.33103 0.330691 -0.883777 -0.453803 0.712275 -0.535469 -0.62722 0.330361 -0.705306 -0.615328 0.711265 -0.339813 -0.840683 0.329933 -0.429414 -0.697533 0.710252 -0.0948209 -0.939818 0.329512 -0.0903509 -0.718227 0.664804 0.20539 -0.580498 0.665173 0.469646 -0.339046 0.666063 0.664385 -0.18057 0.656258 0.732612 0.293448 0.637851 0.712064 0.401278 0.661705 0.633342 0.611237 0.661955 0.433826 0.727557 0.66281 0.17704 0.741489 0.664211 -0.0949586 0.659514 0.66557 -0.349368 0.494832 0.666571 -0.557517 0.267912 0.667112 -0.695115 0.00620643 0.667213 -0.744841 -0.258134 0.666946 -0.698964 -0.491072 0.666409 -0.561023 -0.661031 0.665733 -0.346177 -0.742488 0.665107 -0.079643 -0.0471612 0.992377 -0.113857 -0.0767495 0.994092 -0.0767491 -0.0627745 0.997689 -0.0260018 -0.0277342 0.999615 6.14386e-07 0.180263 0.983618 8.11469e-07 0.150093 0.986715 -0.06217 0.126521 0.983862 -0.12652 0.0636246 0.986082 -0.153603 3.79956e-07 0.990362 -0.1385 -0.0394534 0.994671 -0.0952491 -0.0459112 0.99789 -0.0459113 -0.0247287 0.999642 -0.0102434 0.00987773 0.999951 -1.8998e-07 0.0404507 0.999041 -0.0167553 0.0524117 0.997249 -0.0524116 0.0381097 0.995029 -0.0920051 1.41744e-07 0.993068 -0.117541 </float_array>
          <technique_common>
            <accessor count="307" offset="0" source="#meshId1-bitangents-array" stride="3">
              <param name="X" type="float" />
              <param name="Y" type="float" />
              <param name="Z" type="float" />
            </accessor>
          </technique_common>
        </source>
        <source id="meshId1-tex0" name="meshId1-tex0">
          <float_array id="meshId1-tex0-array" count="614"> 0.801143 0.465524 0.803378 0.457263 0.834164 0.463532 0.831371 0.471592 0.86539 0.472464 0.862084 0.48031 0.896986 0.484249 0.894714 0.49258 0.4025 0.503736 0.399119 0.495938 0.430065 0.479334 0.434036 0.486726 0.462155 0.466977 0.465503 0.474791 0.494255 0.458417 0.496914 0.466535 0.526106 0.45243 0.528139 0.460743 0.557689 0.448326 0.559159 0.456763 0.589021 0.445718 0.589974 0.454233 0.620116 0.444373 0.620587 0.45293 0.650991 0.444134 0.651006 0.452705 0.681665 0.44489 0.681242 0.453451 0.712169 0.446567 0.711315 0.455096 0.742555 0.449133 0.741267 0.457607 0.772909 0.452633 0.77117 0.461023 0.799403 0.472145 0.82921 0.478047 0.859577 0.486499 0.892316 0.498952 0.405666 0.509721 0.437114 0.492617 0.468071 0.481067 0.498947 0.473057 0.529688 0.467416 0.560271 0.463528 0.590686 0.461053 0.620927 0.45978 0.650993 0.459564 0.68089 0.460302 0.710632 0.461923 0.740251 0.464392 0.769808 0.467744 0.797808 0.478477 0.827239 0.484216 0.857245 0.492356 0.889269 0.504667 0.409358 0.515063 0.440012 0.49824 0.470431 0.487084 0.500801 0.479309 0.531091 0.473804 0.56127 0.469998 0.591317 0.467571 0.621216 0.466321 0.65096 0.466111 0.680548 0.466841 0.709989 0.46844 0.739307 0.470873 0.768551 0.474168 0.795949 0.486176 0.824929 0.491698 0.854383 0.499389 0.884904 0.511228 0.414436 0.521167 0.443568 0.505026 0.473234 0.494395 0.502974 0.48692 0.532721 0.481581 0.56242 0.477869 0.592033 0.475494 0.621532 0.474269 0.650901 0.474065 0.680133 0.474784 0.709227 0.476358 0.7382 0.47875 0.767085 0.48198 0.790339 0.508848 0.817794 0.513515 0.844776 0.519322 0.869857 0.527643 0.431683 0.536738 0.455104 0.524744 0.481507 0.5161 0.509072 0.509571 0.537133 0.504718 0.565407 0.501262 0.593758 0.499014 0.62211 0.497837 0.650418 0.497628 0.678647 0.498302 0.706773 0.499793 0.734777 0.502052 0.762642 0.505061 0.788497 0.518455 0.815437 0.522798 0.84155 0.527901 0.865246 0.534239 0.43708 0.542771 0.459408 0.532957 0.484845 0.525149 0.511649 0.519032 0.53907 0.514403 0.566786 0.511069 0.594641 0.508886 0.622546 0.507739 0.650444 0.50754 0.678292 0.508208 0.706055 0.50968 0.733705 0.511898 0.761205 0.514827 0.787327 0.525547 0.813981 0.529681 0.839738 0.534361 0.863195 0.53925 0.439645 0.547431 0.462005 0.539126 0.487075 0.531832 0.513447 0.525997 0.54045 0.521529 0.567785 0.518286 0.595296 0.516149 0.62289 0.515026 0.650504 0.514835 0.67809 0.515503 0.705608 0.516964 0.733021 0.519156 0.760284 0.522029 0.786245 0.532943 0.812713 0.536887 0.838461 0.541228 0.862705 0.54497 0.440668 0.552839 0.464028 0.545686 0.489089 0.538825 0.515146 0.53326 0.541774 0.528952 0.568747 0.525796 0.595926 0.523706 0.623218 0.522605 0.650557 0.522424 0.67789 0.523091 0.705173 0.524542 0.732365 0.52671 0.759413 0.52953 0.785248 0.540572 0.811615 0.544341 0.837597 0.548392 0.863211 0.551373 0.440691 0.558983 0.465571 0.552553 0.490851 0.546079 0.516679 0.540774 0.542979 0.536614 0.569619 0.533536 0.596486 0.531486 0.623492 0.530405 0.65057 0.53023 0.677667 0.530897 0.704733 0.532339 0.731724 0.534484 0.758586 0.537256 0.784072 0.550343 0.810372 0.553905 0.836731 0.557637 0.864652 0.56035 0.439896 0.567578 0.46707 0.561421 0.492668 0.555448 0.518275 0.550448 0.544224 0.546447 0.570496 0.543449 0.597012 0.541435 0.623694 0.54037 0.650477 0.5402 0.677305 0.540863 0.704131 0.542295 0.730905 0.544415 0.757573 0.547135 0.783456 0.556256 0.809716 0.559694 0.836178 0.563179 0.864839 0.565854 0.440033 0.572951 0.467991 0.566816 0.49366 0.561154 0.519132 0.556323 0.544889 0.552404 0.570963 0.549444 0.59729 0.547447 0.623796 0.546388 0.65042 0.546219 0.677105 0.546879 0.703803 0.548305 0.730466 0.550413 0.757036 0.553106 0.783027 0.560769 0.809257 0.564115 0.835734 0.567401 0.864643 0.570058 0.440456 0.577068 0.468709 0.570943 0.494359 0.565527 0.519723 0.560817 0.545344 0.556954 0.57128 0.554018 0.597474 0.552031 0.623858 0.550976 0.65037 0.550806 0.676956 0.551464 0.703566 0.552885 0.730152 0.554984 0.756658 0.557659 0.782633 0.56535 0.808838 0.568604 0.835293 0.571682 0.86385 0.574257 0.441476 0.58117 0.469437 0.57515 0.495021 0.56998 0.520273 0.565393 0.545766 0.561579 0.571573 0.558665 0.597642 0.556688 0.62391 0.555632 0.650316 0.55546 0.676817 0.556123 0.70334 0.557532 0.729856 0.559622 0.756305 0.56228 0.650317 0.555461 0.782121 0.572506 0.782632 0.565351 0.808838 0.568605 0.808298 0.575621 0.835293 0.571683 0.834611 0.578385 0.86385 0.574258 0.862084 0.580689 0.443708 0.587462 0.441477 0.581171 0.469437 0.575151 0.470644 0.581762 0.49502 0.569981 0.495951 0.576969 0.520273 0.565394 0.521021 0.572557 0.545767 0.56158 0.546338 0.568814 0.571573 0.558666 0.571965 0.565925 0.597642 0.556689 0.597863 0.563955 0.623909 0.555633 0.623973 0.562901 0.650317 0.555461 0.650236 0.562726 0.676809 0.556126 0.676602 0.563383 0.703348 0.557535 0.703024 0.564786 0.729856 0.559623 0.729453 0.566863 0.756306 0.562281 0.755836 0.569495 0.781357 0.585846 0.807523 0.588728 0.833379 0.590995 0.858057 0.592193 0.449063 0.598875 0.4728 0.594489 0.497253 0.590177 0.522047 0.585969 0.547133 0.582314 0.572507 0.579458 0.598142 0.577494 0.623996 0.576435 0.650026 0.576253 0.67619 0.576896 0.702447 0.578289 0.728758 0.580345 0.755077 0.582934 0.781068 0.601122 0.807493 0.603921 0.833596 0.606032 0.858289 0.606638 0.45055 0.612874 0.473663 0.609603 0.498058 0.605409 0.522819 0.601258 0.547796 0.597631 0.572992 0.594787 0.598415 0.592829 0.624053 0.59177 0.649884 0.591586 0.675884 0.592226 0.702024 0.593616 0.728283 0.595667 0.75464 0.598244 </float_array>
          <technique_common>
            <accessor count="307" offset="0" source="#meshId1-tex0-array" stride="2">
              <param name="S" type="float" />
              <param name="T" type="float" />
            </accessor>
          </technique_common>
        </source>
        <vertices id="meshId1-vertices">
          <input semantic="POSITION" source="#meshId1-positions" />
        </vertices>
        <polylist count="514" material="defaultMaterial">
          <input offset="0" semantic="VERTEX" source="#meshId1-vertices" />
          <input offset="0" semantic="NORMAL" source="#meshId1-normals" />
          <input offset="0" semantic="TANGENT" source="#meshId1-tangents" />
          <input offset="0" semantic="BINORMAL" source="#meshId1-bitangents" />
          <input offset="0" semantic="TEXCOORD" source="#meshId1-tex0" set="0" />
          <vcount>3 3 3 3 3 3 3 3 3 3 3 3 3 3 3 3 3 3 3 3 3 3 3 3 3 3 3 3 3 3 3 3 3 3 3 3 3 3 3 3 3 3 3 3 3 3 3 3 3 3 3 3 3 3 3 3 3 3 3 3 3 3 3 3 3 3 3 3 3 3 3 3 3 3 3 3 3 3 3 3 3 3 3 3 3 3 3 3 3 3 3 3 3 3 3 3 3 3 3 3 3 3 3 3 3 3 3 3 3 3 3 3 3 3 3 3 3 3 3 3 3 3 3 3 3 3 3 3 3 3 3 3 3 3 3 3 3 3 3 3 3 3 3 3 3 3 3 3 3 3 3 3 3 3 3 3 3 3 3 3 3 3 3 3 3 3 3 3 3 3 3 3 3 3 3 3 3 3 3 3 3 3 3 3 3 3 3 3 3 3 3 3 3 3 3 3 3 3 3 3 3 3 3 3 3 3 3 3 3 3 3 3 3 3 3 3 3 3 3 3 3 3 3 3 3 3 3 3 3 3 3 3 3 3 3 3 3 3 3 3 3 3 3 3 3 3 3 3 3 3 3 3 3 3 3 3 3 3 3 3 3 3 3 3 3 3 3 3 3 3 3 3 3 3 3 3 3 3 3 3 3 3 3 3 3 3 3 3 3 3 3 3 3 3 3 3 3 3 3 3 3 3 3 3 3 3 3 3 3 3 3 3 3 3 3 3 3 3 3 3 3 3 3 3 3 3 3 3 3 3 3 3 3 3 3 3 3 3 3 3 3 3 3 3 3 3 3 3 3 3 3 3 3 3 3 3 3 3 3 3 3 3 3 3 3 3 3 3 3 3 3 3 3 3 3 3 3 3 3 3 3 3 3 3 3 3 3 3 3 3 3 3 3 3 3 3 3 3 3 3 3 3 3 3 3 3 3 3 3 3 3 3 3 3 3 3 3 3 3 3 3 3 3 3 3 3 3 3 3 3 3 3 3 3 3 3 3 3 3 3 3 3 3 3 3 3 3 3 3 3 3 3 3 3 3 3 3 3 3 3 3 3 3 3 3 3 3 3 3 3 3 3 3 3 3 3 3 3 3 3 3 3 3 3 3 3 3 3 3 3 3 3 3 3 3 3 3 3 3 3 3 3 3 3 3 3 3 3 3 3 3 3 3 3 </vcount>
          <p>0 1 2 2 3 0 3 2 4 4 5 3 5 4 6 6 7 5 8 9 10 10 11 8 11 10 12 12 13 11 13 12 14 14 15 13 15 14 16 16 17 15 17 16 18 18 19 17 19 18 20 20 21 19 21 20 22 22 23 21 23 22 24 24 25 23 25 24 26 26 27 25 27 26 28 28 29 27 29 28 30 30 31 29 31 30 32 32 33 31 33 32 1 1 0 33 34 0 3 3 35 34 35 3 5 5 36 35 36 5 7 7 37 36 38 8 11 11 39 38 39 11 13 13 40 39 40 13 15 15 41 40 41 15 17 17 42 41 42 17 19 19 43 42 43 19 21 21 44 43 44 21 23 23 45 44 45 23 25 25 46 45 46 25 27 27 47 46 47 27 29 29 48 47 48 29 31 31 49 48 49 31 33 33 50 49 50 33 0 0 34 50 51 34 35 35 52 51 52 35 36 36 53 52 53 36 37 37 54 53 55 38 39 39 56 55 56 39 40 40 57 56 57 40 41 41 58 57 58 41 42 42 59 58 59 42 43 43 60 59 60 43 44 44 61 60 61 44 45 45 62 61 62 45 46 46 63 62 63 46 47 47 64 63 64 47 48 48 65 64 65 48 49 49 66 65 66 49 50 50 67 66 67 50 34 34 51 67 68 51 52 52 69 68 69 52 53 53 70 69 70 53 54 54 71 70 72 55 56 56 73 72 73 56 57 57 74 73 74 57 58 58 75 74 75 58 59 59 76 75 76 59 60 60 77 76 77 60 61 61 78 77 78 61 62 62 79 78 79 62 63 63 80 79 80 63 64 64 81 80 81 64 65 65 82 81 82 65 66 66 83 82 83 66 67 67 84 83 84 67 51 51 68 84 85 68 69 69 86 85 86 69 70 70 87 86 87 70 71 71 88 87 89 72 73 73 90 89 90 73 74 74 91 90 91 74 75 75 92 91 92 75 76 76 93 92 93 76 77 77 94 93 94 77 78 78 95 94 95 78 79 79 96 95 96 79 80 80 97 96 97 80 81 81 98 97 98 81 82 82 99 98 99 82 83 83 100 99 100 83 84 84 101 100 101 84 68 68 85 101 102 85 86 86 103 102 103 86 87 87 104 103 104 87 88 88 105 104 106 89 90 90 107 106 107 90 91 91 108 107 108 91 92 92 109 108 109 92 93 93 110 109 110 93 94 94 111 110 111 94 95 95 112 111 112 95 96 96 113 112 113 96 97 97 114 113 114 97 98 98 115 114 115 98 99 99 116 115 116 99 100 100 117 116 117 100 101 101 118 117 118 101 85 85 102 118 119 102 103 103 120 119 120 103 104 104 121 120 121 104 105 105 122 121 123 106 107 107 124 123 124 107 108 108 125 124 125 108 109 109 126 125 126 109 110 110 127 126 127 110 111 111 128 127 128 111 112 112 129 128 129 112 113 113 130 129 130 113 114 114 131 130 131 114 115 115 132 131 132 115 116 116 133 132 133 116 117 117 134 133 134 117 118 118 135 134 135 118 102 102 119 135 136 119 120 120 137 136 137 120 121 121 138 137 138 121 122 122 139 138 140 123 124 124 141 140 141 124 125 125 142 141 142 125 126 126 143 142 143 126 127 127 144 143 144 127 128 128 145 144 145 128 129 129 146 145 146 129 130 130 147 146 147 130 131 131 148 147 148 131 132 132 149 148 149 132 133 133 150 149 150 133 134 134 151 150 151 134 135 135 152 151 152 135 119 119 136 152 153 136 137 137 154 153 154 137 138 138 155 154 155 138 139 139 156 155 157 140 141 141 158 157 158 141 142 142 159 158 159 142 143 143 160 159 160 143 144 144 161 160 161 144 145 145 162 161 162 145 146 146 163 162 163 146 147 147 164 163 164 147 148 148 165 164 165 148 149 149 166 165 166 149 150 150 167 166 167 150 151 151 168 167 168 151 152 152 169 168 169 152 136 136 153 169 170 153 154 154 171 170 171 154 155 155 172 171 172 155 156 156 173 172 174 157 158 158 175 174 175 158 159 159 176 175 176 159 160 160 177 176 177 160 161 161 178 177 178 161 162 162 179 178 179 162 163 163 180 179 180 163 164 164 181 180 181 164 165 165 182 181 182 165 166 166 183 182 183 166 167 167 184 183 184 167 168 168 185 184 185 168 169 169 186 185 186 169 153 153 170 186 187 170 171 171 188 187 188 171 172 172 189 188 189 172 173 173 190 189 191 174 175 175 192 191 192 175 176 176 193 192 193 176 177 177 194 193 194 177 178 178 195 194 195 178 179 179 196 195 196 179 180 180 197 196 197 180 181 181 198 197 198 181 182 182 199 198 199 182 183 183 200 199 200 183 184 184 201 200 201 184 185 185 202 201 202 185 186 186 203 202 203 186 170 170 187 203 204 187 188 188 205 204 205 188 189 189 206 205 206 189 190 190 207 206 208 191 192 192 209 208 209 192 193 193 210 209 210 193 194 194 211 210 211 194 195 195 212 211 212 195 196 196 213 212 213 196 197 197 214 213 214 197 198 198 215 214 215 198 199 199 216 215 216 199 200 200 217 216 217 200 201 201 218 217 218 201 202 202 219 218 219 202 203 203 220 219 220 203 187 187 204 220 221 204 205 205 222 221 222 205 206 206 223 222 223 206 207 207 224 223 225 208 209 209 226 225 226 209 210 210 227 226 227 210 211 211 228 227 228 211 212 212 229 228 229 212 213 213 230 229 230 213 214 214 231 230 231 214 215 215 232 231 232 215 216 216 233 232 233 216 217 217 234 233 234 217 218 218 235 234 235 218 219 219 236 235 236 219 220 220 237 236 237 220 204 204 221 237 232 233 238 233 234 238 239 240 241 241 242 239 242 241 243 243 244 242 244 243 245 245 246 244 247 248 249 249 250 247 250 249 251 251 252 250 252 251 253 253 254 252 254 253 255 255 256 254 256 255 257 257 258 256 258 257 259 259 260 258 260 259 261 261 262 260 262 261 263 263 264 262 264 263 265 265 266 264 266 265 267 267 268 266 268 267 269 269 270 268 270 269 271 271 272 270 272 271 240 240 239 272 273 239 242 242 274 273 274 242 244 244 275 274 275 244 246 246 276 275 277 247 250 250 278 277 278 250 252 252 279 278 279 252 254 254 280 279 280 254 256 256 281 280 281 256 258 258 282 281 282 258 260 260 283 282 283 260 262 262 284 283 284 262 264 264 285 284 285 264 266 266 286 285 286 266 268 268 287 286 287 268 270 270 288 287 288 270 272 272 289 288 289 272 239 239 273 289 290 273 274 274 291 290 291 274 275 275 292 291 292 275 276 276 293 292 294 277 278 278 295 294 295 278 279 279 296 295 296 279 280 280 297 296 297 280 281 281 298 297 298 281 282 282 299 298 299 282 283 283 300 299 300 283 284 284 301 300 301 284 285 285 302 301 302 285 286 286 303 302 303 286 287 287 304 303 304 287 288 288 305 304 305 288 289 289 306 305 306 289 273 273 290 306 </p>
        </polylist>
      </mesh>
    </geometry>
    <geometry id="meshId2" name="meshId2_name" >
      <mesh>
        <source id="meshId2-positions" name="meshId2-positions">
          <float_array id="meshId2-positions-array" count="1344"> -0.0961297 0.713494 -0.0252294 -0.0961298 -0.612322 -0.0252302 -0.0984674 -0.612322 -0.0134783 -0.0984674 0.713494 -0.0134776 -0.0791574 0.713494 -0.0600966 -0.0791573 -0.612322 -0.0600967 -0.0858143 -0.612322 -0.050134 -0.0858141 0.713494 -0.0501338 -0.0501338 0.713494 -0.0858142 -0.0501338 -0.612322 -0.0858144 -0.0600966 -0.612322 -0.0791574 -0.0600966 0.713494 -0.0791574 -0.0134779 0.713493 -0.098467 -0.0134779 -0.612322 -0.0984676 -0.0252298 -0.612322 -0.0961299 -0.0252298 0.713494 -0.0961296 0.0252297 0.713493 -0.0961291 0.0252298 -0.612322 -0.09613 0.0134779 -0.612322 -0.0984675 0.0134779 0.713493 -0.0984668 0.0600966 0.713494 -0.0791567 0.0600966 -0.612322 -0.0791574 0.0501339 -0.612322 -0.0858144 0.0501337 0.713493 -0.0858134 0.0858145 0.713494 -0.0501336 0.0858144 -0.612322 -0.0501339 0.0791576 -0.612322 -0.0600967 0.0791573 0.713494 -0.0600961 0.0984675 0.713494 -0.0134778 0.0984675 -0.612322 -0.0134782 0.0961299 -0.612322 -0.02523 0.0961299 0.713494 -0.0252296 0.09613 0.713494 0.0252299 0.0961299 -0.612322 0.0252298 0.0984675 -0.612322 0.013478 0.0984675 0.713494 0.013478 0.0791577 0.713494 0.060097 0.0791575 -0.612322 0.0600965 0.0858145 -0.612322 0.0501338 0.0858144 0.713494 0.0501341 0.0501341 0.713493 0.0858153 0.0501339 -0.612322 0.0858142 0.0600968 -0.612322 0.0791575 0.0600968 0.713494 0.079158 0.0134781 0.713493 0.0984683 0.013478 -0.612322 0.0984676 0.0252299 -0.612322 0.0961299 0.02523 0.713493 0.0961309 -0.0252297 0.713493 0.0961298 -0.0252298 -0.612322 0.0961301 -0.0134778 -0.612322 0.0984674 -0.0134778 0.713493 0.098468 -0.0600967 0.713493 0.0791573 -0.0600966 -0.612322 0.0791573 -0.0501339 -0.612322 0.0858143 -0.0501338 0.713493 0.085814 -0.0858145 0.713494 0.050134 -0.0858145 -0.612322 0.0501338 -0.0791576 -0.612322 0.0600966 -0.0791576 0.713493 0.0600967 -0.0984674 0.713494 0.013478 -0.0984676 -0.612322 0.013478 -0.0961299 -0.612322 0.0252298 -0.09613 0.713494 0.0252299 -0.098342 -0.622546 -0.0345533 -0.0972061 -0.63199 -0.0402641 -0.105215 -0.63199 -3.7907e-08 -0.104079 -0.622546 -0.00571104 -0.104079 -0.622546 -0.00571104 -0.105215 -0.63199 -3.7907e-08 -0.105215 0.727885 -3.79063e-08 -0.104079 0.721346 -0.00571077 -0.104079 0.721346 -0.00571077 -0.105215 0.727885 -3.79063e-08 -0.0972059 0.727885 -0.040264 -0.0983419 0.721346 -0.034553 -0.0983419 0.721346 -0.034553 -0.0972059 0.727885 -0.040264 -0.0972061 -0.63199 -0.0402641 -0.098342 -0.622546 -0.0345533 -0.0776332 -0.622546 -0.0695569 -0.0743983 -0.63199 -0.0743984 -0.0972061 -0.63199 -0.0402641 -0.0939711 -0.622546 -0.0451056 -0.0939711 -0.622546 -0.0451056 -0.0972061 -0.63199 -0.0402641 -0.0972059 0.727885 -0.040264 -0.093971 0.721346 -0.0451054 -0.093971 0.721346 -0.0451054 -0.0972059 0.727885 -0.040264 -0.0743983 0.727885 -0.0743984 -0.0776332 0.721346 -0.0695569 -0.0776332 0.721346 -0.0695569 -0.0743983 0.727885 -0.0743984 -0.0743983 -0.63199 -0.0743984 -0.0776332 -0.622546 -0.0695569 -0.0451055 -0.622546 -0.0939713 -0.040264 -0.63199 -0.0972062 -0.0743983 -0.63199 -0.0743984 -0.0695568 -0.622546 -0.0776333 -0.0695568 -0.622546 -0.0776333 -0.0743983 -0.63199 -0.0743984 -0.0743983 0.727885 -0.0743984 -0.0695568 0.721346 -0.0776333 -0.0695568 0.721346 -0.0776333 -0.0743983 0.727885 -0.0743984 -0.040264 0.727885 -0.097206 -0.0451055 0.721346 -0.093971 -0.0451055 0.721346 -0.093971 -0.040264 0.727885 -0.097206 -0.040264 -0.63199 -0.0972062 -0.0451055 -0.622546 -0.0939713 -0.00571088 -0.622546 -0.104079 0 -0.63199 -0.105215 -0.040264 -0.63199 -0.0972062 -0.0345531 -0.622546 -0.0983422 -0.0345531 -0.622546 -0.0983422 -0.040264 -0.63199 -0.0972062 -0.040264 0.727885 -0.097206 -0.0345531 0.721346 -0.0983419 -0.0345531 0.721346 -0.0983419 -0.040264 0.727885 -0.097206 0 0.727885 -0.105214 -0.00571077 0.721346 -0.104079 -0.00571077 0.721346 -0.104079 0 0.727885 -0.105214 0 -0.63199 -0.105215 -0.00571088 -0.622546 -0.104079 0.0345532 -0.622546 -0.0983421 0.0402641 -0.63199 -0.0972061 0 -0.63199 -0.105215 0.00571088 -0.622546 -0.104079 0.00571088 -0.622546 -0.104079 0 -0.63199 -0.105215 0 0.727885 -0.105214 0.00571088 0.721346 -0.104079 0.00571088 0.721346 -0.104079 0 0.727885 -0.105214 0.0402637 0.727885 -0.0972053 0.0345529 0.721346 -0.0983412 0.0345529 0.721346 -0.0983412 0.0402637 0.727885 -0.0972053 0.0402641 -0.63199 -0.0972061 0.0345532 -0.622546 -0.0983421 0.069557 -0.622546 -0.0776332 0.0743984 -0.63199 -0.0743983 0.0402641 -0.63199 -0.0972061 0.0451056 -0.622546 -0.0939712 0.0451056 -0.622546 -0.0939712 0.0402641 -0.63199 -0.0972061 0.0402637 0.727885 -0.0972053 0.0451052 0.721346 -0.0939703 0.0451052 0.721346 -0.0939703 0.0402637 0.727885 -0.0972053 0.0743981 0.727885 -0.0743978 0.0695567 0.721346 -0.0776327 0.0695567 0.721346 -0.0776327 0.0743981 0.727885 -0.0743978 0.0743984 -0.63199 -0.0743983 0.069557 -0.622546 -0.0776332 0.0939712 -0.622546 -0.0451055 0.0972064 -0.63199 -0.040264 0.0743984 -0.63199 -0.0743983 0.0776334 -0.622546 -0.0695569 0.0776334 -0.622546 -0.0695569 0.0743984 -0.63199 -0.0743983 0.0743981 0.727885 -0.0743978 0.0776331 0.721346 -0.0695563 0.0776331 0.721346 -0.0695563 0.0743981 0.727885 -0.0743978 0.0972062 0.727885 -0.040264 0.0939712 0.721346 -0.0451054 0.0939712 0.721346 -0.0451054 0.0972062 0.727885 -0.040264 0.0972064 -0.63199 -0.040264 0.0939712 -0.622546 -0.0451055 0.104079 -0.622546 -0.00571094 0.105215 -0.63199 9.46083e-11 0.0972064 -0.63199 -0.040264 0.0983422 -0.622546 -0.0345532 0.0983422 -0.622546 -0.0345532 0.0972064 -0.63199 -0.040264 0.0972062 0.727885 -0.040264 0.0983422 0.721346 -0.0345531 0.0983422 0.721346 -0.0345531 0.0972062 0.727885 -0.040264 0.105215 0.727885 1.93844e-08 0.104079 0.721346 -0.00571078 0.104079 0.721346 -0.00571078 0.105215 0.727885 1.93844e-08 0.105215 -0.63199 9.46083e-11 0.104079 -0.622546 -0.00571094 0.0983422 -0.622546 0.0345532 0.0972062 -0.63199 0.040264 0.105215 -0.63199 9.46083e-11 0.104079 -0.622546 0.00571088 0.104079 -0.622546 0.00571088 0.105215 -0.63199 9.46083e-11 0.105215 0.727885 1.93844e-08 0.104079 0.721346 0.00571089 0.104079 0.721346 0.00571089 0.105215 0.727885 1.93844e-08 0.0972064 0.727885 0.0402641 0.0983423 0.721346 0.0345532 0.0983423 0.721346 0.0345532 0.0972064 0.727885 0.0402641 0.0972062 -0.63199 0.040264 0.0983422 -0.622546 0.0345532 0.0776333 -0.622546 0.0695569 0.0743984 -0.63199 0.0743984 0.0972062 -0.63199 0.040264 0.0939714 -0.622546 0.0451055 0.0939714 -0.622546 0.0451055 0.0972062 -0.63199 0.040264 0.0972064 0.727885 0.0402641 0.0939714 0.721346 0.0451056 0.0939714 0.721346 0.0451056 0.0972064 0.727885 0.0402641 0.0743987 0.727885 0.0743987 0.0776336 0.721346 0.0695573 0.0776336 0.721346 0.0695573 0.0743987 0.727885 0.0743987 0.0743984 -0.63199 0.0743984 0.0776333 -0.622546 0.0695569 0.0451056 -0.622546 0.0939711 0.040264 -0.63199 0.0972062 0.0743984 -0.63199 0.0743984 0.069557 -0.622546 0.0776333 0.069557 -0.622546 0.0776333 0.0743984 -0.63199 0.0743984 0.0743987 0.727885 0.0743987 0.0695572 0.721346 0.0776337 0.0695572 0.721346 0.0776337 0.0743987 0.727885 0.0743987 0.0402643 0.727885 0.0972072 0.0451058 0.721346 0.0939722 0.0451058 0.721346 0.0939722 0.0402643 0.727885 0.0972072 0.040264 -0.63199 0.0972062 0.0451056 -0.622546 0.0939711 0.00571088 -0.622546 0.104079 0 -0.63199 0.105215 0.040264 -0.63199 0.0972062 0.0345532 -0.622546 0.0983421 0.0345532 -0.622546 0.0983421 0.040264 -0.63199 0.0972062 0.0402643 0.727885 0.0972072 0.0345535 0.721346 0.0983431 0.0345535 0.721346 0.0983431 0.0402643 0.727885 0.0972072 1.09416e-07 0.727885 0.105216 0.00571099 0.721346 0.10408 0.00571099 0.721346 0.10408 1.09416e-07 0.727885 0.105216 0 -0.63199 0.105215 0.00571088 -0.622546 0.104079 -0.0345532 -0.622546 0.0983422 -0.0402641 -0.63199 0.0972061 0 -0.63199 0.105215 -0.00571088 -0.622546 0.104079 -0.00571088 -0.622546 0.104079 0 -0.63199 0.105215 1.09416e-07 0.727885 0.105216 -0.00571077 0.721346 0.10408 -0.00571077 0.721346 0.10408 1.09416e-07 0.727885 0.105216 -0.0402639 0.727885 0.0972059 -0.034553 0.721346 0.0983419 -0.034553 0.721346 0.0983419 -0.0402639 0.727885 0.0972059 -0.0402641 -0.63199 0.0972061 -0.0345532 -0.622546 0.0983422 -0.0695568 -0.622546 0.0776333 -0.0743984 -0.63199 0.0743984 -0.0402641 -0.63199 0.0972061 -0.0451056 -0.622546 0.0939712 -0.0451056 -0.622546 0.0939712 -0.0402641 -0.63199 0.0972061 -0.0402639 0.727885 0.0972059 -0.0451055 0.721346 0.0939709 -0.0451055 0.721346 0.0939709 -0.0402639 0.727885 0.0972059 -0.0743984 0.727885 0.0743984 -0.069557 0.721346 0.0776333 -0.069557 0.721346 0.0776333 -0.0743984 0.727885 0.0743984 -0.0743984 -0.63199 0.0743984 -0.0695568 -0.622546 0.0776333 -0.0939714 -0.622546 0.0451055 -0.0972064 -0.63199 0.040264 -0.0743984 -0.63199 0.0743984 -0.0776334 -0.622546 0.0695569 -0.0776334 -0.622546 0.0695569 -0.0743984 -0.63199 0.0743984 -0.0743984 0.727885 0.0743984 -0.0776334 0.721346 0.0695569 -0.0776334 0.721346 0.0695569 -0.0743984 0.727885 0.0743984 -0.0972065 0.727885 0.0402642 -0.0939715 0.721346 0.0451056 -0.0939715 0.721346 0.0451056 -0.0972065 0.727885 0.0402642 -0.0972064 -0.63199 0.040264 -0.0939714 -0.622546 0.0451055 -0.104079 -0.622546 0.00571086 -0.105215 -0.63199 -3.7907e-08 -0.0972064 -0.63199 0.040264 -0.0983422 -0.622546 0.0345532 -0.0983422 -0.622546 0.0345532 -0.0972064 -0.63199 0.040264 -0.0972065 0.727885 0.0402642 -0.0983423 0.721346 0.0345532 -0.0983423 0.721346 0.0345532 -0.0972065 0.727885 0.0402642 -0.105215 0.727885 -3.79063e-08 -0.104079 0.721346 0.00571083 -0.104079 0.721346 0.00571083 -0.105215 0.727885 -3.79063e-08 -0.105215 -0.63199 -3.7907e-08 -0.104079 -0.622546 0.00571086 -0.098342 -0.622546 -0.0345533 -0.104079 -0.622546 -0.00571104 -0.104079 -0.622546 -0.00571104 -0.104079 0.721346 -0.00571077 -0.104079 0.721346 -0.00571077 -0.0983419 0.721346 -0.034553 -0.0983419 0.721346 -0.034553 -0.098342 -0.622546 -0.0345533 -0.0776332 -0.622546 -0.0695569 -0.0939711 -0.622546 -0.0451056 -0.0939711 -0.622546 -0.0451056 -0.093971 0.721346 -0.0451054 -0.093971 0.721346 -0.0451054 -0.0776332 0.721346 -0.0695569 -0.0776332 0.721346 -0.0695569 -0.0776332 -0.622546 -0.0695569 -0.0451055 -0.622546 -0.0939713 -0.0695568 -0.622546 -0.0776333 -0.0695568 -0.622546 -0.0776333 -0.0695568 0.721346 -0.0776333 -0.0695568 0.721346 -0.0776333 -0.0451055 0.721346 -0.093971 -0.0451055 0.721346 -0.093971 -0.0451055 -0.622546 -0.0939713 -0.00571088 -0.622546 -0.104079 -0.0345531 -0.622546 -0.0983422 -0.0345531 -0.622546 -0.0983422 -0.0345531 0.721346 -0.0983419 -0.0345531 0.721346 -0.0983419 -0.00571077 0.721346 -0.104079 -0.00571077 0.721346 -0.104079 -0.00571088 -0.622546 -0.104079 0.0345532 -0.622546 -0.0983421 0.00571088 -0.622546 -0.104079 0.00571088 -0.622546 -0.104079 0.00571088 0.721346 -0.104079 0.00571088 0.721346 -0.104079 0.0345529 0.721346 -0.0983412 0.0345529 0.721346 -0.0983412 0.0345532 -0.622546 -0.0983421 0.069557 -0.622546 -0.0776332 0.0451056 -0.622546 -0.0939712 0.0451056 -0.622546 -0.0939712 0.0451052 0.721346 -0.0939703 0.0451052 0.721346 -0.0939703 0.0695567 0.721346 -0.0776327 0.0695567 0.721346 -0.0776327 0.069557 -0.622546 -0.0776332 0.0939712 -0.622546 -0.0451055 0.0776334 -0.622546 -0.0695569 0.0776334 -0.622546 -0.0695569 0.0776331 0.721346 -0.0695563 0.0776331 0.721346 -0.0695563 0.0939712 0.721346 -0.0451054 0.0939712 0.721346 -0.0451054 0.0939712 -0.622546 -0.0451055 0.104079 -0.622546 -0.00571094 0.0983422 -0.622546 -0.0345532 0.0983422 -0.622546 -0.0345532 0.0983422 0.721346 -0.0345531 0.0983422 0.721346 -0.0345531 0.104079 0.721346 -0.00571078 0.104079 0.721346 -0.00571078 0.104079 -0.622546 -0.00571094 0.0983422 -0.622546 0.0345532 0.104079 -0.622546 0.00571088 0.104079 -0.622546 0.00571088 0.104079 0.721346 0.00571089 0.104079 0.721346 0.00571089 0.0983423 0.721346 0.0345532 0.0983423 0.721346 0.0345532 0.0983422 -0.622546 0.0345532 0.0776333 -0.622546 0.0695569 0.0939714 -0.622546 0.0451055 0.0939714 -0.622546 0.0451055 0.0939714 0.721346 0.0451056 0.0939714 0.721346 0.0451056 0.0776336 0.721346 0.0695573 0.0776336 0.721346 0.0695573 0.0776333 -0.622546 0.0695569 0.0451056 -0.622546 0.0939711 0.069557 -0.622546 0.0776333 0.069557 -0.622546 0.0776333 0.0695572 0.721346 0.0776337 0.0695572 0.721346 0.0776337 0.0451058 0.721346 0.0939722 0.0451058 0.721346 0.0939722 0.0451056 -0.622546 0.0939711 0.00571088 -0.622546 0.104079 0.0345532 -0.622546 0.0983421 0.0345532 -0.622546 0.0983421 0.0345535 0.721346 0.0983431 0.0345535 0.721346 0.0983431 0.00571099 0.721346 0.10408 0.00571099 0.721346 0.10408 0.00571088 -0.622546 0.104079 -0.0345532 -0.622546 0.0983422 -0.00571088 -0.622546 0.104079 -0.00571088 -0.622546 0.104079 -0.00571077 0.721346 0.10408 -0.00571077 0.721346 0.10408 -0.034553 0.721346 0.0983419 -0.034553 0.721346 0.0983419 -0.0345532 -0.622546 0.0983422 -0.0695568 -0.622546 0.0776333 -0.0451056 -0.622546 0.0939712 -0.0451056 -0.622546 0.0939712 -0.0451055 0.721346 0.0939709 -0.0451055 0.721346 0.0939709 -0.069557 0.721346 0.0776333 -0.069557 0.721346 0.0776333 -0.0695568 -0.622546 0.0776333 -0.0939714 -0.622546 0.0451055 -0.0776334 -0.622546 0.0695569 -0.0776334 -0.622546 0.0695569 -0.0776334 0.721346 0.0695569 -0.0776334 0.721346 0.0695569 -0.0939715 0.721346 0.0451056 -0.0939715 0.721346 0.0451056 -0.0939714 -0.622546 0.0451055 -0.104079 -0.622546 0.00571086 -0.0983422 -0.622546 0.0345532 -0.0983422 -0.622546 0.0345532 -0.0983423 0.721346 0.0345532 -0.0983423 0.721346 0.0345532 -0.104079 0.721346 0.00571083 -0.104079 0.721346 0.00571083 -0.104079 -0.622546 0.00571086 </float_array>
          <technique_common>
            <accessor count="448" offset="0" source="#meshId2-positions-array" stride="3">
              <param name="X" type="float" />
              <param name="Y" type="float" />
              <param name="Z" type="float" />
            </accessor>
          </technique_common>
        </source>
        <source id="meshId2-normals" name="meshId2-normals">
          <float_array id="meshId2-normals-array" count="1344"> -0.999464 -0.00366322 0.0325228 -0.999263 0.00338252 0.0382501 -0.908559 0.00338271 -0.417742 -0.910936 -0.00366304 -0.41253 -0.935831 -0.00366327 -0.352429 -0.937836 0.00338251 -0.347061 -0.679539 0.00338263 -0.733632 -0.68373 -0.00366314 -0.729726 -0.729726 -0.00366316 -0.68373 -0.733633 0.00338262 -0.679538 -0.34706 0.00338257 -0.937837 -0.352427 -0.00366321 -0.935832 -0.412523 -0.00366279 -0.91094 -0.417737 0.00338293 -0.908561 0.0382579 0.00338277 -0.999262 0.0325336 -0.00366313 -0.999464 -0.0325224 -0.00366254 -0.999464 -0.0382472 0.00338316 -0.999263 0.417748 0.00338303 -0.908557 0.412536 -0.00366267 -0.910934 0.352423 -0.00366281 -0.935834 0.347058 0.00338303 -0.937838 0.73363 0.00338307 -0.679541 0.729723 -0.00366259 -0.683733 0.683724 -0.00366305 -0.729731 0.679533 0.00338266 -0.733637 0.937833 0.00338277 -0.34707 0.935828 -0.00366291 -0.352437 0.910938 -0.00366317 -0.412528 0.90856 0.00338267 -0.41774 0.999262 0.00338252 0.0382582 0.999464 -0.00366331 0.0325314 0.999464 -0.00366334 -0.0325339 0.999262 0.00338249 -0.0382601 0.908561 0.00338255 0.417738 0.910939 -0.00366327 0.412525 0.935833 -0.00366354 0.352426 0.937837 0.00338228 0.347059 0.67954 0.00338235 0.733631 0.683732 -0.00366346 0.729724 0.72973 -0.00366376 0.683726 0.733636 0.00338191 0.679534 0.347069 0.00338205 0.937833 0.352436 -0.00366381 0.935829 0.412526 -0.00366378 0.910938 0.417739 0.00338201 0.908561 -0.0382541 0.00338183 0.999262 -0.0325288 -0.00366396 0.999464 0.0325128 -0.00366314 0.999465 0.0382381 0.00338259 0.999263 -0.417755 0.00338225 0.908553 -0.412543 -0.0036635 0.910931 -0.352422 -0.00366324 0.935834 -0.347056 0.00338256 0.937838 -0.733632 0.00338268 0.679538 -0.729727 -0.00366311 0.683729 -0.683726 -0.00366346 0.72973 -0.679535 0.0033824 0.733635 -0.937835 0.00338249 0.347064 -0.93583 -0.0036632 0.352432 -0.910941 -0.00366317 0.412521 -0.908563 0.00338261 0.417735 -0.999262 0.00338247 -0.0382601 -0.999464 -0.00366331 -0.0325338 -0.980785 9.43307e-06 -0.195091 -0.980785 9.43307e-06 -0.195091 -0.980785 9.43307e-06 -0.195091 -0.980785 9.43307e-06 -0.195091 -0.980785 1.74428e-07 -0.19509 -0.980785 1.74428e-07 -0.19509 -0.980785 1.74428e-07 -0.19509 -0.980785 1.74428e-07 -0.19509 -0.980785 3.83131e-06 -0.195091 -0.980785 3.83131e-06 -0.195091 -0.980785 3.83131e-06 -0.195091 -0.980785 3.83131e-06 -0.195091 -0.980787 1.49509e-07 -0.195081 -0.980787 1.49509e-07 -0.195081 -0.980787 1.49509e-07 -0.195081 -0.980787 1.49509e-07 -0.195081 -0.831469 3.61109e-06 -0.555571 -0.831469 3.61109e-06 -0.555571 -0.831469 3.61109e-06 -0.555571 -0.831469 3.61109e-06 -0.555571 -0.831471 1.55738e-07 -0.555569 -0.831471 1.55738e-07 -0.555569 -0.831471 1.55738e-07 -0.555569 -0.831471 1.55738e-07 -0.555569 -0.831474 -1.2771e-06 -0.555564 -0.831474 -1.2771e-06 -0.555564 -0.831474 -1.2771e-06 -0.555564 -0.831474 -1.2771e-06 -0.555564 -0.831475 3.11478e-09 -0.555562 -0.831475 3.11478e-09 -0.555562 -0.831475 3.11478e-09 -0.555562 -0.831475 3.11478e-09 -0.555562 -0.555571 -3.68478e-08 -0.831469 -0.555571 -3.68478e-08 -0.831469 -0.555571 -3.68478e-08 -0.831469 -0.555571 -3.68478e-08 -0.831469 -0.555568 0 -0.831471 -0.555568 0 -0.831471 -0.555568 0 -0.831471 -0.555568 0 -0.831471 -0.555568 -2.12851e-07 -0.831471 -0.555568 -2.12851e-07 -0.831471 -0.555568 -2.12851e-07 -0.831471 -0.555568 -2.12851e-07 -0.831471 -0.555569 1.55739e-07 -0.83147 -0.555569 1.55739e-07 -0.83147 -0.555569 1.55739e-07 -0.83147 -0.555569 1.55739e-07 -0.83147 -0.195092 3.56965e-07 -0.980785 -0.195092 3.56965e-07 -0.980785 -0.195092 3.56965e-07 -0.980785 -0.195092 3.56965e-07 -0.980785 -0.195088 1.83382e-07 -0.980786 -0.195088 1.83382e-07 -0.980786 -0.195088 1.83382e-07 -0.980786 -0.195088 1.83382e-07 -0.980786 -0.195081 1.91569e-06 -0.980787 -0.195081 1.91569e-06 -0.980787 -0.195081 1.91569e-06 -0.980787 -0.195081 1.91569e-06 -0.980787 -0.195087 5.58621e-07 -0.980786 -0.195087 5.58621e-07 -0.980786 -0.195087 5.58621e-07 -0.980786 -0.195087 5.58621e-07 -0.980786 0.195093 1.44628e-06 -0.980785 0.195093 1.44628e-06 -0.980785 0.195093 1.44628e-06 -0.980785 0.195093 1.44628e-06 -0.980785 0.195089 5.43236e-07 -0.980785 0.195089 5.43236e-07 -0.980785 0.195089 5.43236e-07 -0.980785 0.195089 5.43236e-07 -0.980785 0.1951 5.21324e-06 -0.980783 0.1951 5.21324e-06 -0.980783 0.1951 5.21324e-06 -0.980783 0.1951 5.21324e-06 -0.980784 0.195094 7.00051e-07 -0.980784 0.195094 7.00051e-07 -0.980784 0.195094 7.00051e-07 -0.980784 0.195094 7.00051e-07 -0.980784 0.555571 -7.36955e-08 -0.831469 0.555571 -7.36955e-08 -0.831469 0.555571 -7.36955e-08 -0.831469 0.555571 -7.36955e-08 -0.831469 0.555566 7.19506e-07 -0.831473 0.555566 7.19506e-07 -0.831473 0.555566 7.19506e-07 -0.831473 0.555566 7.19506e-07 -0.831473 0.555553 4.62941e-06 -0.831481 0.555553 4.62941e-06 -0.831481 0.555553 4.62941e-06 -0.831481 0.555553 4.62941e-06 -0.831481 0.55557 4.36073e-07 -0.83147 0.55557 4.36073e-07 -0.83147 0.55557 4.36073e-07 -0.83147 0.55557 4.36073e-07 -0.83147 0.83147 2.35826e-06 -0.55557 0.83147 2.35826e-06 -0.55557 0.83147 2.35826e-06 -0.55557 0.83147 2.35826e-06 -0.55557 0.831464 4.20494e-07 -0.555579 0.831464 4.20494e-07 -0.555579 0.831464 4.20494e-07 -0.555579 0.831464 4.20494e-07 -0.555579 0.831464 -4.36346e-06 -0.555579 0.831464 -4.36346e-06 -0.555579 0.831464 -4.36346e-06 -0.555579 0.831464 -4.36346e-06 -0.555579 0.831459 6.22952e-08 -0.555586 0.831459 6.22952e-08 -0.555586 0.831459 6.22952e-08 -0.555586 0.831459 6.22952e-08 -0.555586 0.980786 3.83219e-06 -0.195087 0.980786 3.83219e-06 -0.195087 0.980786 3.83219e-06 -0.195087 0.980786 3.83219e-06 -0.195087 0.980787 5.60661e-08 -0.195081 0.980787 5.60661e-08 -0.195081 0.980787 5.60661e-08 -0.195081 0.980787 5.60661e-08 -0.195081 0.980787 4.89556e-06 -0.195083 0.980787 4.89556e-06 -0.195083 0.980787 4.89556e-06 -0.195083 0.980787 4.89556e-06 -0.195083 0.980787 1.30821e-07 -0.195081 0.980787 1.30821e-07 -0.195081 0.980787 1.30821e-07 -0.195081 0.980787 1.30821e-07 -0.195081 0.980786 -1.47392e-07 0.195089 0.980786 -1.47392e-07 0.195089 0.980786 -1.47392e-07 0.195089 0.980786 -1.47392e-07 0.195089 0.980787 1.24591e-07 0.195081 0.980787 1.24591e-07 0.195081 0.980787 1.24591e-07 0.195081 0.980787 1.24591e-07 0.195081 0.980787 8.08831e-06 0.195084 0.980787 8.0883e-06 0.195084 0.980787 8.0883e-06 0.195084 0.980787 8.0883e-06 0.195084 0.980785 -9.34431e-08 0.195089 0.980785 -9.34431e-08 0.195089 0.980785 -9.34431e-08 0.195089 0.980785 -9.34431e-08 0.195089 0.831468 1.47391e-06 0.555572 0.831468 1.47391e-06 0.555572 0.831469 1.47391e-06 0.555572 0.831468 1.47391e-06 0.555572 0.831471 -7.47543e-08 0.555568 0.831471 -7.47543e-08 0.555568 0.831471 -7.47543e-08 0.555568 0.831471 -7.47543e-08 0.555568 0.831477 -4.04414e-06 0.555559 0.831477 -4.04414e-06 0.555559 0.831477 -4.04414e-06 0.555559 0.831477 -4.04414e-06 0.555559 0.831476 -3.48855e-07 0.555561 0.831476 -3.48855e-07 0.555561 0.831476 -3.48855e-07 0.555561 0.831476 -3.48855e-07 0.555561 0.555568 1.10543e-07 0.831471 0.555568 1.10543e-07 0.831471 0.555568 1.10543e-07 0.831471 0.555568 1.10543e-07 0.831471 0.555567 -3.48851e-07 0.831472 0.555567 -3.48851e-07 0.831472 0.555567 -3.48851e-07 0.831472 0.555567 -3.48851e-07 0.831472 0.555572 -4.46971e-06 0.831469 0.555572 -4.46971e-06 0.831469 0.555572 -4.46971e-06 0.831469 0.555572 -4.46971e-06 0.831469 0.555573 -7.50649e-07 0.831468 0.555573 -7.50649e-07 0.831468 0.555573 -7.50649e-07 0.831468 0.555573 -7.50649e-07 0.831468 0.195094 -2.5782e-06 0.980785 0.195094 -2.5782e-06 0.980785 0.195094 -2.5782e-06 0.980785 0.195094 -2.5782e-06 0.980785 0.195087 -7.83763e-07 0.980786 0.195087 -7.83763e-07 0.980786 0.195087 -7.83763e-07 0.980786 0.195087 -7.83763e-07 0.980786 0.195081 -3.56521e-06 0.980787 0.195081 -3.56521e-06 0.980787 0.195081 -3.56521e-06 0.980787 0.195081 -3.56521e-06 0.980787 0.195089 -4.74711e-07 0.980786 0.195089 -4.74711e-07 0.980786 0.195089 -4.74711e-07 0.980786 0.195089 -4.74711e-07 0.980786 -0.195091 -1.0778e-06 0.980785 -0.195091 -1.0778e-06 0.980785 -0.195091 -1.0778e-06 0.980785 -0.195091 -1.0778e-06 0.980785 -0.195103 -4.53052e-07 0.980783 -0.195103 -4.53052e-07 0.980783 -0.195103 -4.53052e-07 0.980783 -0.195103 -4.53052e-07 0.980783 -0.195119 2.66065e-08 0.98078 -0.195119 2.66065e-08 0.98078 -0.195119 2.66065e-08 0.98078 -0.195119 2.66065e-08 0.98078 -0.195102 2.34775e-07 0.980783 -0.195102 2.34775e-07 0.980783 -0.195102 2.34775e-07 0.980783 -0.195102 2.34775e-07 0.980783 -0.55557 3.09522e-06 0.83147 -0.55557 3.09522e-06 0.831469 -0.55557 3.09522e-06 0.831469 -0.55557 3.09522e-06 0.831469 -0.555563 2.41393e-07 0.831474 -0.555563 2.41393e-07 0.831474 -0.555563 2.41393e-07 0.831474 -0.555563 2.41393e-07 0.831474 -0.555554 4.36335e-06 0.83148 -0.555554 4.36335e-06 0.831481 -0.555554 4.36335e-06 0.83148 -0.555554 4.36335e-06 0.831481 -0.555563 -1.2459e-08 0.831474 -0.555563 -1.2459e-08 0.831474 -0.555563 -1.2459e-08 0.831474 -0.555563 -1.2459e-08 0.831474 -0.83147 1.17913e-06 0.55557 -0.83147 1.17913e-06 0.55557 -0.83147 1.17913e-06 0.55557 -0.83147 1.17913e-06 0.55557 -0.831467 -6.2295e-09 0.555575 -0.831467 -6.2295e-09 0.555575 -0.831467 -6.2295e-09 0.555575 -0.831467 -6.2295e-09 0.555575 -0.831467 1.38352e-06 0.555574 -0.831467 1.38352e-06 0.555574 -0.831468 1.38352e-06 0.555574 -0.831467 1.38352e-06 0.555574 -0.831466 -1.2459e-07 0.555576 -0.831466 -1.2459e-07 0.555576 -0.831466 -1.2459e-07 0.555576 -0.831466 -1.2459e-07 0.555576 -0.980786 5.30611e-06 0.195087 -0.980786 5.30611e-06 0.195087 -0.980786 5.30611e-06 0.195087 -0.980786 5.30611e-06 0.195087 -0.980789 -9.34432e-08 0.195071 -0.980789 -9.34432e-08 0.195071 -0.980789 -9.34432e-08 0.195071 -0.980789 -9.34432e-08 0.195071 -0.980789 -6.38551e-07 0.19507 -0.980789 -6.38551e-07 0.19507 -0.980789 -6.38551e-07 0.19507 -0.980789 -6.38551e-07 0.19507 -0.980787 1.99346e-07 0.19508 -0.980787 1.99346e-07 0.19508 -0.980787 1.99346e-07 0.19508 -0.980787 1.99346e-07 0.19508 -0.913716 0.363441 -0.181751 -0.913716 0.363441 -0.181751 -0.810573 2.45361e-07 -0.585637 -0.810573 2.45361e-07 -0.585637 -0.874432 -0.452892 -0.173943 -0.874432 -0.452892 -0.173943 -0.972986 -1.53351e-08 0.230863 -0.972986 -1.53351e-08 0.230863 -0.774608 0.363443 -0.517582 -0.774608 0.363443 -0.517582 -0.52476 1.57184e-07 -0.85125 -0.52476 1.57184e-07 -0.85125 -0.741308 -0.45289 -0.495332 -0.741308 -0.45289 -0.495332 -0.98727 -3.067e-08 -0.159056 -0.987269 -3.067e-08 -0.159056 -0.517581 0.363444 -0.774609 -0.517581 0.363444 -0.774609 -0.159052 1.82103e-08 -0.98727 -0.159052 1.82103e-08 -0.98727 -0.49532 -0.452892 -0.741314 -0.49532 -0.452892 -0.741314 -0.851251 9.39272e-08 -0.524758 -0.851251 9.39272e-08 -0.524758 -0.181754 0.363444 -0.913714 -0.181754 0.363444 -0.913714 0.230872 1.84499e-07 -0.972984 0.230872 1.84499e-07 -0.972984 -0.173926 -0.452886 -0.874439 -0.173926 -0.452886 -0.874439 -0.585634 4.53823e-07 -0.810576 -0.585634 4.53823e-07 -0.810576 0.181749 0.363445 -0.913715 0.181749 0.363445 -0.913715 0.585643 4.23631e-07 -0.810569 0.585643 4.23631e-07 -0.810569 0.173945 -0.452872 -0.874443 0.173945 -0.452872 -0.874443 -0.230862 6.10047e-07 -0.972987 -0.230862 6.10047e-07 -0.972987 0.517582 0.363443 -0.774609 0.517582 0.363443 -0.774609 0.851248 5.46311e-07 -0.524763 0.851248 5.46311e-07 -0.524763 0.495326 -0.452887 -0.741314 0.495326 -0.452886 -0.741314 0.159051 4.62926e-07 -0.98727 0.159051 4.62926e-07 -0.98727 0.774614 0.36344 -0.517576 0.774614 0.36344 -0.517575 0.987269 3.18202e-07 -0.159062 0.987269 3.18202e-07 -0.159062 0.741298 -0.452889 -0.495347 0.741298 -0.452889 -0.495347 0.524756 1.15014e-07 -0.851253 0.524756 1.15014e-07 -0.851253 0.913714 0.363447 -0.181748 0.913714 0.363447 -0.181748 0.972984 -5.36726e-08 0.230874 0.972984 -5.36726e-08 0.230874 0.874433 -0.452895 -0.173932 0.874433 -0.452895 -0.173932 0.810574 1.5335e-07 -0.585636 0.810574 1.5335e-07 -0.585636 0.913714 0.363449 0.181748 0.913714 0.363449 0.181748 0.810575 2.68363e-08 0.585635 0.810575 2.68363e-08 0.585635 0.874436 -0.452893 0.173926 0.874436 -0.452893 0.173926 0.972984 -6.90077e-08 -0.230875 0.972984 -6.90077e-08 -0.230874 0.774608 0.363443 0.517583 0.774608 0.363443 0.517583 0.52476 -1.22679e-07 0.85125 0.52476 -1.22679e-07 0.85125 0.741312 -0.452893 0.495323 0.741312 -0.452893 0.495323 0.98727 -2.5686e-07 0.159056 0.98727 -2.5686e-07 0.159056 0.517573 0.363442 0.774615 0.517573 0.363442 0.774615 0.159066 -3.46954e-07 0.987268 0.159066 -3.46954e-07 0.987268 0.495349 -0.452887 0.741298 0.495349 -0.452887 0.741298 0.851254 -5.53975e-07 0.524754 0.851254 -5.53975e-07 0.524754 0.181756 0.363444 0.913714 0.181756 0.363444 0.913714 -0.230865 -7.09241e-07 0.972986 -0.230865 -7.09241e-07 0.972986 0.173926 -0.452878 0.874444 0.173926 -0.452878 0.874444 0.585635 -4.23629e-07 0.810575 0.585635 -4.23629e-07 0.810575 -0.181742 0.363445 0.913716 -0.181742 0.363445 0.913716 -0.585652 -3.53665e-07 0.810563 -0.585652 -3.53665e-07 0.810563 -0.173966 -0.452873 0.874438 -0.173966 -0.452873 0.874438 0.230853 1.76352e-07 0.972989 0.230853 1.76352e-07 0.972989 -0.517582 0.363446 0.774607 -0.517582 0.363446 0.774607 -0.851252 1.82103e-07 0.524757 -0.851252 1.82103e-07 0.524757 -0.495324 -0.452883 0.741317 -0.495324 -0.452884 0.741317 -0.159048 -8.14674e-09 0.987271 -0.159048 -8.14673e-09 0.987271 -0.774611 0.363444 0.517578 -0.774611 0.363444 0.517578 -0.987269 -1.15012e-08 0.159062 -0.987269 -1.15012e-08 0.159062 -0.741311 -0.452886 0.49533 -0.741311 -0.452886 0.49533 -0.524754 -1.45682e-07 0.851254 -0.524754 -1.45682e-07 0.851254 -0.913715 0.363443 0.18175 -0.913715 0.363443 0.18175 -0.972983 -6.90077e-08 -0.230875 -0.972984 -6.90077e-08 -0.230875 -0.874436 -0.452894 0.173923 -0.874436 -0.452894 0.173923 -0.810579 1.45683e-07 0.58563 -0.810579 1.45683e-07 0.58563 </float_array>
          <technique_common>
            <accessor count="448" offset="0" source="#meshId2-normals-array" stride="3">
              <param name="X" type="float" />
              <param name="Y" type="float" />
              <param name="Z" type="float" />
            </accessor>
          </technique_common>
        </source>
        <source id="meshId2-tangents" name="meshId2-tangents">
          <float_array id="meshId2-tangents-array" count="1344"> 0.0322197 0.0644003 0.997404 0.0376776 -0.105847 0.993668 -0.417756 -0.00663386 0.908535 -0.412209 0.0485336 0.909796 -0.3515 0.0830062 0.932501 -0.344972 -0.119057 0.931031 -0.73357 -0.0169717 0.679402 -0.727961 0.0730966 0.68171 -0.680175 0.105866 0.725365 -0.673467 -0.137077 0.726396 -0.937351 -0.0336395 0.346758 -0.930832 0.104683 0.350134 -0.902818 0.134938 0.408303 -0.896592 -0.16336 0.411626 -0.997216 -0.0639226 -0.038396 -0.988698 0.146308 -0.0327194 -0.991339 -0.127182 0.032724 -0.997815 0.0537867 0.0383739 -0.904173 0.0997313 -0.415361 -0.896848 -0.176856 -0.405446 -0.932014 -0.0917184 -0.350626 -0.937731 0.01676 -0.346958 -0.677556 0.0801689 -0.731089 -0.677113 -0.142792 -0.721892 -0.728205 -0.0682592 -0.681952 -0.7336 -0.00797094 -0.679535 -0.346544 0.065002 -0.935779 -0.350424 -0.116906 -0.929266 -0.412157 -0.0514007 -0.909662 -0.417532 -0.0251933 -0.908313 0.0380251 0.0530815 -0.997866 0.0320267 -0.0964587 -0.994822 -0.0326494 -0.0378746 -0.998749 -0.0381039 -0.0380685 -0.998548 0.417213 0.0434277 -0.907771 0.410963 -0.0793216 -0.908195 0.352221 -0.0259142 -0.935558 0.346808 -0.0483943 -0.936687 0.733096 0.0353381 -0.679207 0.72807 -0.0640658 -0.682503 0.683619 -0.0145433 -0.729694 0.678566 -0.0572146 -0.732307 0.937428 0.0283839 -0.347022 0.934616 -0.0496695 -0.352174 0.910935 -0.00318931 -0.412538 0.906733 -0.065067 -0.416656 0.999023 0.0222728 0.0381696 0.998844 -0.0355157 0.0323785 0.999436 0.00850733 -0.0324806 0.996657 -0.072385 -0.0378933 0.908454 0.0167693 0.417647 0.910766 -0.0210866 0.412384 0.93561 0.0208395 0.35242 0.934776 -0.0795801 0.346209 0.679525 0.0115945 0.733561 0.683738 -0.00596337 0.729703 0.729227 0.03402 0.683426 0.73065 -0.0871188 0.677171 0.34708 0.00637994 0.937814 0.352381 0.0102781 0.9358 0.411879 0.0484058 0.909952 0.41553 -0.0956019 0.904542 -0.0382583 0.000606482 0.999268 -0.0326242 0.0281515 0.999071 -0.195007 -0.0293771 0.980362 -0.195016 -0.0278803 0.980404 -0.194959 -0.0368933 0.980117 -0.194935 -0.0400135 0.98 -0.193134 0.141261 0.97095 -0.19313 0.141381 0.970933 -0.194618 0.0694991 0.978414 -0.194624 0.069068 0.978443 -0.194237 0.093464 0.976492 -0.194198 0.0955564 0.976297 -0.194541 0.0750386 0.97802 -0.194622 0.0693254 0.978426 -0.190467 0.216195 0.957592 -0.190442 0.216778 0.957465 -0.193721 -0.117854 0.973952 -0.193661 -0.120434 0.973648 -0.555013 -0.0448249 0.830633 -0.55504 -0.0437157 0.830674 -0.554865 -0.0503947 0.830413 -0.554799 -0.0527068 0.830313 -0.551673 0.118209 0.825641 -0.551672 0.118235 0.825638 -0.552623 0.102847 0.827062 -0.552628 0.102755 0.82707 -0.551656 0.118408 0.825624 -0.551493 0.120835 0.825381 -0.552943 0.097025 0.827551 -0.55329 0.0903918 0.82807 -0.53976 0.236812 0.807824 -0.539671 0.237465 0.807692 -0.549988 -0.141302 0.823132 -0.549756 -0.144201 0.822785 -0.829561 -0.0677047 0.554296 -0.829595 -0.0671067 0.554318 -0.829388 -0.0707079 0.55418 -0.829314 -0.0719547 0.554131 -0.829057 0.0761533 0.553955 -0.829064 0.0760328 0.55396 -0.822404 0.147278 0.549509 -0.822352 0.147701 0.549474 -0.822003 0.15048 0.549242 -0.821633 0.153371 0.548995 -0.824951 0.124987 0.551212 -0.825753 0.117073 0.551748 -0.802932 0.259746 0.5365 -0.802768 0.260478 0.536391 -0.819483 -0.169197 0.547559 -0.819013 -0.172453 0.547245 -0.975345 -0.105177 0.19401 -0.975341 -0.105212 0.194009 -0.975363 -0.105001 0.194014 -0.975371 -0.104927 0.194015 -0.980772 -0.00531579 0.195085 -0.98077 -0.00567071 0.195085 -0.959965 0.204954 0.190947 -0.959711 0.206186 0.190896 -0.962504 0.192186 0.191445 -0.96183 0.195663 0.191311 -0.967914 0.161489 0.192521 -0.969399 0.151949 0.192816 -0.940565 0.283436 0.187087 -0.940328 0.284252 0.18704 -0.960648 -0.201604 0.191081 -0.959907 -0.205237 0.190934 -0.97069 0.143106 -0.193084 -0.969735 0.149687 -0.192894 -0.974839 0.109949 -0.19391 -0.976241 0.096148 -0.194189 -0.939115 0.288389 -0.1868 -0.938883 0.289173 -0.186754 -0.958525 -0.211844 -0.190662 -0.957918 -0.214681 -0.190541 -0.970277 -0.145978 -0.19301 -0.970277 -0.145977 -0.19301 -0.970274 -0.145995 -0.19301 -0.970274 -0.146 -0.19301 -0.977359 -0.0835027 -0.194413 -0.977321 -0.0839639 -0.194405 -0.965776 0.174275 -0.192109 -0.965429 0.17626 -0.19204 -0.826777 0.106085 -0.552436 -0.826284 0.111504 -0.552106 -0.828883 0.0788131 -0.553843 -0.829574 0.0674738 -0.554305 -0.800556 0.270154 -0.534908 -0.800391 0.270863 -0.534797 -0.818336 -0.177057 -0.546788 -0.817948 -0.17963 -0.546529 -0.82699 -0.103793 -0.552553 -0.827005 -0.103624 -0.552563 -0.82686 -0.105277 -0.552466 -0.82682 -0.105737 -0.552439 -0.831452 -0.00658237 -0.555558 -0.83145 -0.0067925 -0.555557 -0.826461 0.109601 -0.552223 -0.826377 0.11051 -0.552167 -0.553807 0.0796205 -0.82883 -0.553599 0.0841599 -0.82852 -0.554674 0.056795 -0.830127 -0.554948 0.0473099 -0.830539 -0.537586 0.252437 -0.804535 -0.537493 0.253076 -0.804397 -0.549646 -0.14575 -0.822585 -0.549455 -0.148066 -0.822299 -0.554041 -0.0743528 -0.829162 -0.554057 -0.0739699 -0.829186 -0.553898 -0.0777206 -0.828949 -0.553853 -0.0787638 -0.828881 -0.555121 0.0409296 -0.830762 -0.555121 0.0408918 -0.830763 -0.554523 0.0618363 -0.829868 -0.554517 0.062001 -0.829859 -0.19473 0.060508 -0.978989 -0.194682 0.0644365 -0.978748 -0.194925 0.0407618 -0.979971 -0.194984 0.032559 -0.980266 -0.189544 0.23655 -0.952952 -0.189517 0.237124 -0.952814 -0.193705 -0.11855 -0.973871 -0.193656 -0.120632 -0.973625 -0.194813 -0.052527 -0.979433 -0.194819 -0.0519479 -0.979463 -0.194758 -0.0576204 -0.979157 -0.19474 -0.059198 -0.979067 -0.194591 0.0708092 -0.978325 -0.19459 0.0708854 -0.97832 -0.195001 0.0286403 -0.980385 -0.195003 0.0283078 -0.980394 0.194883 0.0459619 -0.979749 0.19485 0.0494555 -0.979585 0.19501 0.0284066 -0.98039 0.195045 0.0211153 -0.980567 0.190182 0.222683 -0.95616 0.190159 0.223201 -0.956044 0.194196 -0.0951197 -0.97634 0.194161 -0.0969949 -0.976163 0.194965 -0.0349299 -0.980188 0.19497 -0.0341807 -0.980213 0.194916 -0.0415199 -0.979941 0.194899 -0.0435611 -0.979855 0.194268 0.091698 -0.976653 0.194265 0.0918545 -0.976639 0.195087 0.00480781 -0.980774 0.195088 0.00412295 -0.980777 0.555246 0.0342287 -0.830981 0.555183 0.0373933 -0.830887 0.555478 0.0183297 -0.831329 0.555534 0.0117273 -0.831411 0.543096 0.210692 -0.812807 0.543041 0.211159 -0.812723 0.55403 -0.0743381 -0.829171 0.55396 -0.0760277 -0.829065 0.555453 -0.0195387 -0.831318 0.555463 -0.0186369 -0.831333 0.55535 -0.0274711 -0.831163 0.55531 -0.0299281 -0.831104 0.552292 0.108323 -0.826583 0.552279 0.108542 -0.826563 0.55551 -0.0135925 -0.831399 0.555502 -0.0145524 -0.831388 0.831226 0.0242839 -0.555404 0.831164 0.0271855 -0.555363 0.831432 0.00970722 -0.555542 0.831466 0.0036546 -0.555564 0.814635 0.20022 -0.544318 0.814563 0.20064 -0.54427 0.830197 -0.0553462 -0.554716 0.830126 -0.0568666 -0.554668 0.831457 -0.00516604 -0.555564 0.831461 -0.00412479 -0.555567 0.831383 -0.0143264 -0.555515 0.831346 -0.0171639 -0.55549 0.825164 0.1229 -0.551361 0.825137 0.123172 -0.551342 0.831124 -0.0287629 -0.555343 0.831095 -0.0299554 -0.555324 0.980667 0.0154835 -0.19507 0.980623 0.0181571 -0.195062 0.980783 0.00205413 -0.195093 0.980779 -0.00352168 -0.195093 0.962745 0.190922 -0.191498 0.962673 0.191299 -0.191484 0.98011 -0.037113 -0.194952 0.98006 -0.0384735 -0.194942 0.980748 0.00895731 -0.195073 0.980737 0.0101356 -0.195071 0.980786 -0.00140882 -0.195081 0.980777 -0.0046201 -0.195079 0.971559 0.136843 -0.193253 0.971516 0.137164 -0.193245 0.979905 -0.0423552 -0.194914 0.979846 -0.0437619 -0.194902 0.980758 0.00738349 0.195086 0.980738 0.00985002 0.195082 0.980773 -0.00500508 0.195089 0.980735 -0.0101485 0.195081 0.964317 0.182469 0.191828 0.964256 0.182803 0.191816 0.980606 -0.0189604 0.195068 0.980583 -0.020165 0.195063 0.980512 0.0233581 0.195066 0.980481 0.0246764 0.19506 0.980712 0.0117584 0.195106 0.980747 0.0081646 0.195113 0.969556 0.150873 0.192869 0.969501 0.15124 0.192858 0.979289 -0.0551787 0.194805 0.9792 -0.0567931 0.194787 0.831469 -0.000494142 0.55557 0.831468 0.00176832 0.55557 0.831411 -0.011857 0.555531 0.831355 -0.0165743 0.555494 0.818745 0.174307 0.547058 0.818703 0.174597 0.54703 0.831474 -0.000110795 0.555563 0.831474 -0.0011559 0.555563 0.830864 0.038493 0.555142 0.830816 0.0399618 0.55511 0.831209 0.0255668 0.555372 0.831287 0.0215616 0.555425 0.820016 0.165444 0.547907 0.819958 0.165858 0.547869 0.829539 -0.0681788 0.554271 0.829434 -0.0700049 0.5542 0.555549 -0.00869711 0.831438 0.555558 -0.00665174 0.831451 0.55547 -0.0189691 0.83132 0.55542 -0.0232334 0.831245 0.547893 0.165712 0.819971 0.547871 0.165955 0.819937 0.555462 0.0200973 0.831299 0.555472 0.0192234 0.831313 0.554739 0.0547827 0.830219 0.554689 0.0564206 0.830143 0.555121 0.0403661 0.83079 0.555215 0.0358983 0.830931 0.546404 0.180962 0.817738 0.546356 0.181427 0.817667 0.553692 -0.0822974 0.828645 0.553596 -0.0843491 0.828502 0.195055 -0.0179525 0.980628 0.195061 -0.0161539 0.980658 0.195016 -0.0269846 0.980429 0.194995 -0.0307341 0.980323 0.192698 0.155511 0.968857 0.192692 0.1557 0.968828 0.194892 0.042802 0.97989 0.194898 0.042125 0.979919 0.194553 0.0728079 0.978186 0.194526 0.0746464 0.978053 0.194757 0.0566228 0.979216 0.19481 0.0516059 0.979482 0.191231 0.197689 0.961431 0.19121 0.198209 0.961328 0.194132 -0.0984967 0.976018 0.194087 -0.100796 0.975792 -0.2105 -0.0407576 0.976744 -0.219925 -0.0661919 0.973268 -0.578599 0.154562 0.800833 -0.584517 0.061825 0.809023 -0.232961 0.0774768 0.969395 -0.214844 0.0400267 0.975828 0.227392 0.172774 0.958354 0.228667 -0.137602 0.963731 -0.571914 -0.053164 0.818589 -0.578573 -0.0767179 0.812015 -0.842567 0.142465 0.519408 -0.847818 0.0897054 0.522645 -0.594894 0.101675 0.797348 -0.579809 0.0604005 0.81251 -0.156108 0.191635 0.968972 -0.157176 -0.153311 0.975598 -0.844502 -0.0714319 0.530767 -0.847374 -0.0922365 0.522924 -0.98006 0.120634 0.157891 -0.979405 0.125977 0.157785 -0.859657 0.132655 0.493349 -0.851952 0.0864388 0.516436 -0.512676 0.213348 0.831652 -0.516831 -0.17316 0.838392 -0.982676 -0.101367 0.155151 -0.981887 -0.117644 0.148519 -0.970181 0.0758571 -0.230207 -0.958264 0.173289 -0.227379 -0.979263 0.17322 0.105062 -0.983695 0.121162 0.132905 -0.787436 0.237231 0.568916 -0.79442 -0.19866 0.573961 -0.982544 0.104607 -0.153831 -0.983268 0.0555686 -0.173481 -0.782582 0.260506 -0.565422 -0.795662 -0.190898 -0.574873 -0.982123 -0.144669 -0.120442 -0.981632 -0.15041 -0.11737 -0.971428 -0.0565771 0.230492 -0.971189 0.0607571 0.230435 -0.844655 0.0724731 -0.530382 -0.837371 0.029115 -0.545858 -0.508677 0.245697 -0.825155 -0.518396 -0.155305 -0.84092 -0.855904 -0.108455 -0.505634 -0.857621 -0.11904 -0.500315 -0.987257 -0.00525246 -0.159049 -0.987206 0.0114433 -0.159041 -0.57109 0.0503629 -0.819341 -0.559018 0.0107545 -0.829086 -0.154731 0.231786 -0.960382 -0.157798 -0.125818 -0.979423 -0.588104 -0.0826405 -0.804553 -0.593295 -0.0970918 -0.799109 -0.850953 0.0265523 -0.524571 -0.851079 -0.0201945 -0.524649 -0.208132 0.0344359 -0.977494 -0.194108 -0.00256375 -0.980977 0.225242 0.219537 -0.949247 0.229679 -0.10162 -0.967947 -0.225996 -0.0630195 -0.972088 -0.234393 -0.0804931 -0.968804 -0.584968 0.047757 -0.809649 -0.585136 -0.0412934 -0.809883 0.186531 0.0222221 -0.982198 0.199982 -0.0128365 -0.979715 0.572703 0.208993 -0.792675 0.583696 -0.0813041 -0.807891 0.171482 -0.0468224 -0.984074 0.161288 -0.0667256 -0.984649 -0.230407 0.0636018 -0.971014 -0.230505 -0.0565355 -0.971427 0.551539 0.0122928 -0.834059 0.562318 -0.0212338 -0.826648 0.834063 0.199932 -0.514165 0.849532 -0.0635 -0.523701 0.541516 -0.0323949 -0.840066 0.531564 -0.0543786 -0.845271 0.158584 0.0769589 -0.984342 0.158682 -0.0684811 -0.984952 0.830639 0.00381904 -0.556799 0.837247 -0.0284226 -0.546086 0.968876 0.192121 -0.156103 0.986177 -0.0469977 -0.15889 0.826002 -0.0186728 -0.563358 0.818489 -0.0425782 -0.572942 0.522656 0.0893385 -0.84785 0.523129 -0.0786376 -0.848618 0.981055 -0.00366736 -0.193692 0.982747 -0.0347838 -0.181652 0.95613 0.18533 0.226866 0.972515 -0.0311118 0.230753 0.980272 -0.00505107 -0.197591 0.97715 -0.0308018 -0.210307 0.806388 0.101509 -0.58261 0.80745 -0.0877334 -0.583377 0.979922 -0.0105343 0.1991 0.976764 -0.0406104 0.210435 0.797426 0.179309 0.57616 0.81047 -0.0151354 0.585585 0.979841 0.00895927 0.199576 0.982415 -0.0186764 0.185776 0.966651 0.113951 -0.229349 0.96846 -0.0963716 -0.229778 0.82761 -0.0171414 0.561041 0.820426 -0.046217 0.569882 0.516771 0.173803 0.838296 0.524757 0.00147289 0.851251 0.824474 0.0237569 0.565401 0.833118 -0.00589013 0.553064 0.979273 0.127027 0.157759 0.981808 -0.105056 0.158168 0.547622 -0.0239362 0.836383 0.537847 -0.051969 0.841439 0.156791 0.168382 0.973172 0.159032 0.0193228 0.987084 0.538244 0.0397192 0.841852 0.552232 0.00785694 0.833654 0.842755 0.140951 0.519516 0.84567 -0.114346 0.521312 0.182922 -0.0315128 0.982622 0.172374 -0.058371 0.983301 -0.22781 0.162381 0.96007 -0.230699 0.0390372 0.972242 0.166094 0.0573608 0.98444 0.183575 0.0229549 0.982738 0.57845 0.156112 0.80064 0.581041 -0.124934 0.804228 </float_array>
          <technique_common>
            <accessor count="448" offset="0" source="#meshId2-tangents-array" stride="3">
              <param name="X" type="float" />
              <param name="Y" type="float" />
              <param name="Z" type="float" />
            </accessor>
          </technique_common>
        </source>
        <source id="meshId2-bitangents" name="meshId2-bitangents">
          <float_array id="meshId2-bitangents-array" count="1344"> -0.00574819 0.997917 -0.0642478 0.00740976 0.994377 0.105642 0.000302065 0.999972 0.0074404 0.016689 0.998815 -0.045721 0.0258378 0.996542 -0.0789675 -0.038171 0.992882 0.112823 -0.0101528 0.99985 0.0140143 0.0508432 0.997318 -0.0526449 0.0697268 0.994374 -0.0797451 -0.0906918 0.990555 0.102842 -0.0303755 0.999428 0.0148456 0.096683 0.994499 -0.0403029 0.121425 0.990847 -0.0589718 -0.14703 0.986561 0.0712745 -0.0640054 0.997949 0.000927802 0.14635 0.989232 0.00113821 -0.127234 0.991873 0.000505449 0.0538769 0.998547 0.00131857 0.0892064 0.995009 0.0447214 -0.159619 0.98423 -0.0762441 -0.0845489 0.995778 -0.0357375 0.0145444 0.999854 0.00898908 0.0520047 0.996776 0.0611065 -0.0949878 0.989746 -0.106679 -0.0473129 0.997661 -0.0493379 -0.00814641 0.999962 -0.002935 0.0193947 0.997879 0.0621333 -0.0377984 0.993136 -0.110688 -0.017872 0.998671 -0.0483326 -0.0135968 0.999677 -0.0214772 -0.00540611 0.998585 0.0529137 0.00678227 0.99533 -0.0962897 0.00242655 0.999276 -0.0379739 -0.00483408 0.999269 -0.0379115 -0.021212 0.999051 0.0380455 0.0360491 0.996842 -0.0707517 0.0125603 0.999657 -0.022961 0.0136275 0.998823 -0.046559 -0.0282225 0.99937 0.0215341 0.0492507 0.997939 -0.0411366 0.012617 0.999887 -0.00810805 0.0364026 0.998356 -0.0442695 -0.0277931 0.999591 0.00668078 0.0477724 0.998759 -0.0140811 0.00441671 0.999988 0.00202179 0.0577082 0.997875 -0.0302476 -0.0221273 0.999746 -0.00423055 0.035378 0.999362 0.00481501 -0.00838379 0.999957 0.00393768 0.0722034 0.997371 -0.00613915 -0.0138232 0.999854 -0.0100781 0.0176976 0.999771 0.0120357 -0.0207933 0.999776 -0.00391694 0.0758043 0.996823 0.0244568 -0.00539751 0.999927 -0.0108047 0.00140435 0.999975 0.00685624 -0.0273291 0.999414 -0.0205889 0.0662039 0.996192 0.0567289 0.000957895 0.999974 -0.00715733 -0.00705037 0.999941 -0.00832773 -0.0233018 0.998821 -0.0425861 0.0429959 0.995414 0.0854547 0.0034032 0.999994 -0.000476626 -0.00274404 0.999597 -0.0282559 -0.00572196 0.999568 0.0288144 -0.00542995 0.999611 0.0273464 -0.00718832 0.999319 0.0361863 -0.00779703 0.999199 0.0392465 0.0275588 0.989972 -0.138547 0.0275823 0.989955 -0.138665 0.0135588 0.997582 -0.0681637 0.0134746 0.997612 -0.0677408 0.0182378 0.995623 -0.0916674 0.018646 0.995424 -0.0937195 0.0146431 0.997181 -0.073596 0.0135285 0.997594 -0.0679925 0.0421757 0.97635 -0.212042 0.0422893 0.976221 -0.212613 -0.022991 0.993031 0.11559 -0.0234942 0.992721 0.11812 -0.0249004 0.998995 0.0372726 -0.0242842 0.999044 0.0363503 -0.0279948 0.998729 0.0419036 -0.0292794 0.99861 0.0438261 0.0656735 0.992989 -0.0982875 0.0656879 0.992986 -0.0983091 0.0571386 0.994697 -0.085514 0.0570874 0.994707 -0.0854374 0.0657824 0.992965 -0.0984542 0.0671308 0.992673 -0.100472 0.0539026 0.995282 -0.0806745 0.0502174 0.995906 -0.0751591 0.131564 0.971555 -0.196903 0.131927 0.971396 -0.197446 -0.0785023 0.989966 0.117489 -0.0801129 0.989548 0.1199 -0.0562944 0.997705 0.0376147 -0.0557972 0.997746 0.0372825 -0.0587915 0.997497 0.0392832 -0.0598281 0.997408 0.0399759 0.0633192 0.997096 -0.0423083 0.0632191 0.997105 -0.0422414 0.122457 0.989095 -0.0818227 0.12281 0.989032 -0.0820582 0.12512 0.988613 -0.083602 0.127523 0.988169 -0.0852083 0.103923 0.992158 -0.069439 0.0973427 0.993123 -0.0650423 0.215971 0.965677 -0.144307 0.21658 0.96548 -0.144714 -0.140682 0.985582 0.0940008 -0.143389 0.985018 0.0958096 -0.103156 0.994454 0.0205195 -0.10319 0.99445 0.0205264 -0.102983 0.994472 0.0204852 -0.102911 0.99448 0.0204709 -0.00521361 0.999986 0.00103723 -0.00556171 0.999984 0.00110647 0.201016 0.978772 -0.0399839 0.202224 0.978513 -0.0402243 0.188494 0.981358 -0.03749 0.191904 0.980671 -0.0381683 0.158387 0.986875 -0.0315017 0.14903 0.988388 -0.0296404 0.27799 0.958991 -0.0552941 0.278791 0.95875 -0.0554534 -0.19773 0.979467 0.0393309 -0.201293 0.978712 0.0400396 0.140356 0.989707 0.0279204 0.146811 0.988733 0.0292043 0.107836 0.993937 0.0214516 0.0943002 0.995367 0.0187592 0.282848 0.957513 0.0562622 0.283616 0.957277 0.056415 -0.207774 0.977304 -0.041328 -0.210556 0.976684 -0.0418814 -0.143174 0.989288 -0.0284753 -0.143172 0.989288 -0.0284749 -0.143191 0.989285 -0.0284786 -0.143196 0.989285 -0.0284796 -0.0818982 0.996508 -0.0162902 -0.0823506 0.996469 -0.0163802 0.170926 0.984697 0.0340007 0.172873 0.984344 0.034388 0.0882062 0.994357 0.0589375 0.0927125 0.993764 0.0619486 0.0655307 0.99689 0.0437862 0.0561024 0.997721 0.0374864 0.224625 0.962817 0.150089 0.225215 0.962618 0.150483 -0.147219 0.984201 -0.0983663 -0.149357 0.983734 -0.0997955 -0.0863042 0.994599 -0.0576585 -0.0861639 0.994617 -0.0575648 -0.0875384 0.994443 -0.0584832 -0.0879207 0.994394 -0.0587386 -0.00547328 0.999978 -0.00365661 -0.005648 0.999977 -0.00377335 0.0911293 0.993976 0.0608912 0.0918856 0.993875 0.0613965 0.0442328 0.996825 0.0662034 0.0467548 0.996452 0.0699777 0.0315517 0.998386 0.0472247 0.026282 0.99888 0.0393381 0.140249 0.967613 0.209893 0.140603 0.967447 0.210423 -0.0809759 0.989322 -0.121186 -0.0822626 0.988977 -0.123111 -0.0413052 0.997232 -0.0618241 -0.0410925 0.997261 -0.0615057 -0.0431763 0.996975 -0.0646243 -0.0437559 0.996893 -0.0654917 0.0227399 0.999162 0.0340314 0.0227189 0.999164 0.0339999 0.0343554 0.998086 0.0514144 0.0344468 0.998076 0.0515513 0.0118006 0.998168 0.0593461 0.012567 0.997922 0.0631992 0.00794835 0.999169 0.0399794 0.00634809 0.99947 0.0319342 0.0461464 0.971619 0.232005 0.0462584 0.971479 0.232569 -0.0231269 0.992948 -0.116272 -0.0235331 0.992697 -0.118315 -0.0102519 0.99862 -0.0515168 -0.0101389 0.99865 -0.0509489 -0.0112455 0.998339 -0.0565124 -0.0115533 0.998246 -0.0580596 0.0138134 0.99749 0.0694488 0.0138283 0.997484 0.0695235 0.00558705 0.99959 0.0280901 0.00552218 0.999599 0.0277639 -0.00896651 0.998943 0.0450788 -0.00964807 0.998776 0.0485053 -0.00554166 0.999596 0.0278608 -0.00411922 0.999777 0.0207097 -0.0434413 0.974891 0.218405 -0.0435422 0.974773 0.218912 0.0185559 0.995466 -0.0932922 0.0189217 0.995285 -0.0951314 0.00680633 0.99939 -0.0342603 0.00666017 0.999416 -0.0335255 0.00809194 0.999138 -0.0407237 0.00849014 0.999051 -0.0427257 -0.0178892 0.995787 0.089936 -0.0179198 0.995773 0.0900896 -0.000937862 0.999988 0.00471545 -0.000804252 0.999992 0.00404374 -0.0190178 0.999414 0.0284593 -0.0207759 0.999301 0.0310905 -0.0101847 0.999832 0.0152397 -0.0065166 0.999931 0.00975008 -0.117054 0.977552 0.175184 -0.117313 0.977452 0.175572 0.0412999 0.997233 -0.06181 0.0422386 0.997106 -0.0632148 0.0108583 0.999809 -0.0162437 0.0103573 0.999826 -0.0154939 0.0152652 0.999623 -0.0228393 0.0166302 0.999552 -0.0248823 -0.0601798 0.994116 0.0900681 -0.0603015 0.994092 0.0902503 0.00755177 0.999908 -0.0113017 0.00808506 0.999894 -0.0120998 -0.0201914 0.999705 0.0134912 -0.022604 0.99963 0.0151033 -0.00807134 0.999953 0.00539293 -0.00303876 0.999993 0.00203029 -0.166477 0.979751 0.111236 -0.166827 0.979665 0.11147 0.046019 0.998467 -0.0307483 0.0472831 0.998382 -0.0315929 0.00429789 0.999987 -0.00286639 0.00343211 0.999991 -0.0022879 0.0119144 0.999897 -0.00795561 0.0142737 0.999853 -0.00953204 -0.102187 0.992419 0.0682807 -0.102413 0.992385 0.0684317 0.0239158 0.999586 -0.0159793 0.0249073 0.999551 -0.0166418 -0.0151855 0.99988 0.00302327 -0.0178077 0.999835 0.00354486 -0.00201415 0.999998 0.000403276 0.00345451 0.999994 -0.000684528 -0.187253 0.981605 0.0372471 -0.187623 0.981532 0.0373206 0.0364001 0.999311 -0.00723949 0.0377345 0.99926 -0.00750491 -0.00878452 0.99996 0.0017509 -0.00994013 0.999949 0.00198075 0.00138244 0.999999 -0.000271336 0.00453203 0.999989 -0.000897796 -0.134214 0.990593 0.0266971 -0.134528 0.990548 0.0267595 0.0415414 0.999103 -0.00826254 0.0429211 0.999042 -0.00853698 -0.00724183 0.999973 -0.0014394 -0.00966097 0.999952 -0.0019206 0.0049087 0.999987 0.000977505 0.00995326 0.999949 0.00198094 -0.178963 0.983212 -0.0355999 -0.17929 0.983149 -0.0356651 0.0185959 0.99982 0.00369968 0.0197774 0.999797 0.0039347 -0.0229092 0.999727 -0.00455765 -0.0242021 0.999696 -0.00481488 -0.0115324 0.999931 -0.00229432 -0.00800767 0.999967 -0.0015931 -0.147974 0.988553 -0.0294359 -0.148334 0.988497 -0.0295075 0.0541184 0.998477 0.0107652 0.0557017 0.998386 0.0110802 0.000412584 1 0.000271957 -0.00146859 0.999998 -0.000985001 0.00986045 0.99993 0.00658482 0.0137828 0.999862 0.00920563 -0.144931 0.984691 -0.0968385 -0.145172 0.98464 -0.0969997 9.22572e-05 1 6.13529e-05 0.000961237 0.999999 0.000641976 -0.0320037 0.999259 -0.0213885 -0.0332251 0.999201 -0.0222046 -0.0212559 0.999673 -0.0142074 -0.0179256 0.999768 -0.0119823 -0.137562 0.986219 -0.0919146 -0.137907 0.98615 -0.0921449 0.0566889 0.997673 0.0378776 0.0582073 0.997547 0.0388922 0.00483284 0.999962 0.00723073 0.00369649 0.999978 0.00553007 0.0105397 0.99982 0.0157716 0.0129088 0.99973 0.0193172 -0.0920653 0.986174 -0.137784 -0.0922003 0.986134 -0.137986 -0.0111655 0.999798 -0.0167102 -0.0106801 0.999815 -0.0159836 -0.0304346 0.998498 -0.0455508 -0.0313447 0.998407 -0.0469127 -0.0224252 0.999185 -0.0335638 -0.019943 0.999355 -0.029849 -0.100538 0.98349 -0.150464 -0.100797 0.983405 -0.15085 0.0457224 0.996608 0.0684275 0.0468623 0.996436 0.0701334 0.00350751 0.999839 0.0176066 0.00315663 0.999869 0.0158425 0.00526955 0.999636 0.0264651 0.00600102 0.999528 0.0301425 -0.0303358 0.987834 -0.152524 -0.0303726 0.987804 -0.152709 -0.00834952 0.999084 -0.0419797 -0.00821745 0.999112 -0.0413157 -0.0142033 0.997346 -0.0714091 -0.0145619 0.99721 -0.0732122 -0.0110461 0.998396 -0.0555349 -0.0100674 0.998668 -0.0506144 -0.0385651 0.980265 -0.193891 -0.0386665 0.98016 -0.194401 0.019215 0.995137 0.0966043 0.0196636 0.994907 0.0988596 0.347581 0.930725 0.113745 0.341695 0.929263 0.14041 0.0905177 0.987983 -0.125284 0.0362072 0.998087 -0.0501136 -0.425555 0.888192 -0.173254 -0.434983 0.890666 -0.132302 -0.0398872 0.984962 -0.168106 0.0317673 0.990488 0.133885 0.269994 0.930098 0.249039 0.255413 0.928452 0.269704 0.121274 0.9898 -0.07476 0.0763618 0.995968 -0.0470737 -0.310748 0.88575 -0.344794 -0.338059 0.889518 -0.307365 0.0304807 0.981466 -0.189195 -0.0243851 0.988178 0.151359 0.137572 0.928873 0.343901 0.118607 0.927039 0.355713 0.119098 0.992697 -0.019187 0.124373 0.992033 -0.0200369 -0.125095 0.881641 -0.455039 -0.169812 0.887365 -0.428657 0.111956 0.976976 -0.181613 -0.0908672 0.984894 0.147403 -0.0362321 0.926085 0.375572 -0.0535149 0.924158 0.378243 0.0738077 0.997119 0.0175134 0.168607 0.984871 0.0400077 0.103889 0.87458 -0.473622 0.0457584 0.883297 -0.466575 0.192294 0.971453 -0.13893 -0.161029 0.980069 0.116342 0.0396715 0.925724 0.376112 -0.0122768 0.929957 0.367463 0.211158 0.965472 0.152564 -0.154736 0.98161 -0.111798 -0.0719597 0.87976 -0.46994 -0.0783714 0.878797 -0.470717 -0.0550487 0.998398 0.0130621 0.059116 0.998152 -0.0140259 -0.136625 0.928793 0.344495 -0.175836 0.931161 0.319406 0.128932 0.969347 0.209149 -0.0814987 0.987867 -0.132203 0.148596 0.884947 -0.441348 0.13834 0.883585 -0.447369 -0.00518567 0.999986 -0.000834953 0.0112976 0.999934 0.00182053 -0.271714 0.930255 0.246569 -0.295756 0.931556 0.2115 0.0368681 0.972767 0.228835 -0.0200132 0.992053 -0.124216 0.323437 0.887729 -0.327607 0.313813 0.886265 -0.34067 0.0226027 0.999647 0.0139336 -0.0171907 0.999796 -0.0105971 -0.349009 0.930978 0.10711 -0.356999 0.931611 0.0682053 -0.0506854 0.975604 0.213606 0.0234615 0.994823 -0.0988747 0.429293 0.889334 -0.157459 0.424767 0.887923 -0.176541 0.0279681 0.998859 0.0387107 -0.024183 0.999147 -0.0334713 -0.361017 0.931349 -0.0474897 -0.353743 0.931526 -0.0844121 -0.122393 0.977917 0.169404 0.0476145 0.996689 -0.0659031 0.453824 0.890335 0.03672 0.457546 0.889064 0.0146991 0.0146841 0.997975 0.0618835 -0.0130525 0.998401 -0.0550081 -0.309496 0.931535 -0.190931 -0.28945 0.931374 -0.220819 -0.170192 0.97981 0.104916 0.0540544 0.997982 -0.0333221 0.396506 0.890976 0.221234 0.409753 0.889905 0.20043 -0.0122405 0.997034 0.0759792 0.0108926 0.997652 -0.0676093 -0.205322 0.931609 -0.299912 -0.176454 0.931183 -0.319001 -0.189675 0.981371 0.0305602 0.0463994 0.998895 -0.0074754 0.26898 0.891372 0.364836 0.291041 0.890551 0.349592 -0.0468803 0.996001 0.07605 0.0412659 0.996903 -0.0669403 -0.0670454 0.931609 -0.357225 -0.0342379 0.930966 -0.363496 -0.180324 0.982676 -0.0427856 0.0302712 0.999516 0.00718331 0.0939015 0.891558 0.443065 0.122178 0.89104 0.437172 -0.0822805 0.994835 0.0594476 0.0711148 0.996144 -0.0513794 0.0819874 0.931556 -0.354234 0.113588 0.93073 -0.34762 -0.145341 0.983793 -0.105012 0.012268 0.999886 0.00886437 -0.0982171 0.89153 0.442185 -0.0678015 0.891379 0.448159 -0.110873 0.993486 0.0263058 0.0937684 0.995345 -0.0222478 0.217186 0.931458 -0.29192 0.242922 0.930468 -0.274259 -0.0912044 0.98478 -0.147951 -0.000772755 0.999999 -0.0012539 -0.273672 0.891253 0.361623 -0.246107 0.89155 0.380223 -0.12541 0.991899 -0.0202033 0.103719 0.994466 0.0167089 0.316367 0.931309 -0.180488 0.332714 0.930166 -0.155221 -0.0267832 0.985722 -0.166239 -0.00307353 0.999813 -0.0190768 -0.400937 0.890683 0.214319 -0.381442 0.891534 0.244274 -0.119985 0.990017 -0.0739645 0.0973376 0.993441 0.0600038 0.362855 0.931083 -0.0376881 0.367983 0.929786 -0.00931369 0.0374897 0.986728 -0.157994 0.00901262 0.999238 -0.0379825 -0.455823 0.889717 0.0250647 -0.449068 0.891269 0.0630676 -0.0914238 0.987739 -0.126541 0.0731654 0.992165 0.101269 </float_array>
          <technique_common>
            <accessor count="448" offset="0" source="#meshId2-bitangents-array" stride="3">
              <param name="X" type="float" />
              <param name="Y" type="float" />
              <param name="Z" type="float" />
            </accessor>
          </technique_common>
        </source>
        <source id="meshId2-tex0" name="meshId2-tex0">
          <float_array id="meshId2-tex0-array" count="896"> 0.0910066 0.758134 0.0809593 0.0236612 0.0878075 0.0244633 0.0978441 0.758125 0.0668012 0.760737 0.0566133 0.0228231 0.0634089 0.0236966 0.073615 0.760594 0.0427872 0.764046 0.0324613 0.0214619 0.0391834 0.0224382 0.0495627 0.763733 0.0190883 0.768282 0.0085851 0.0192263 0.0152039 0.0203604 0.0257978 0.767733 0.383295 0.760173 0.375323 0.0135805 0.382062 0.013603 0.389905 0.761382 0.359378 0.757147 0.351415 0.0165671 0.358233 0.0167559 0.366071 0.758169 0.335235 0.75506 0.32719 0.0187924 0.334058 0.0190971 0.341983 0.755948 0.310954 0.753628 0.302763 0.0204721 0.309665 0.0208607 0.317741 0.754409 0.286581 0.75268 0.278204 0.021754 0.285129 0.0222072 0.293396 0.753373 0.262148 0.752127 0.253559 0.0227299 0.260497 0.0232362 0.268982 0.752739 0.237676 0.751925 0.22886 0.0234571 0.235806 0.024009 0.244524 0.752459 0.213183 0.752055 0.204136 0.0239716 0.211082 0.0245642 0.220041 0.752511 0.188686 0.752518 0.179409 0.0242953 0.18635 0.0249256 0.195548 0.752894 0.164199 0.753327 0.154702 0.0244386 0.161633 0.0251057 0.171063 0.753618 0.139742 0.754504 0.130039 0.0243986 0.136952 0.0251042 0.146602 0.754705 0.115334 0.756088 0.105448 0.0241553 0.112334 0.0249041 0.122186 0.75619 0.0754234 0.017244 0.0720206 0.0116082 0.0964512 0.01228 0.09319 0.0179717 0.09319 0.0179717 0.0964512 0.01228 0.106744 0.765544 0.103369 0.762146 0.103369 0.762146 0.106744 0.765544 0.0824696 0.767783 0.0856701 0.763427 0.0856701 0.763427 0.0824696 0.767783 0.0720206 0.0116082 0.0754234 0.017244 0.0511261 0.0162874 0.047756 0.0105445 0.0720206 0.0116082 0.0687686 0.017245 0.0687686 0.017245 0.0720206 0.0116082 0.0824696 0.767783 0.0791126 0.764481 0.0791126 0.764481 0.0824696 0.767783 0.0583376 0.770612 0.0615059 0.766162 0.0615059 0.766162 0.0583376 0.770612 0.047756 0.0105445 0.0511261 0.0162874 0.0270426 0.0147717 0.0237186 0.00889459 0.047756 0.0105445 0.0445158 0.016071 0.0445158 0.016071 0.047756 0.0105445 0.0583376 0.770612 0.0550132 0.767442 0.0550132 0.767442 0.0583376 0.770612 0.0344272 0.774197 0.0375509 0.769632 0.0375509 0.769632 0.0344272 0.774197 0.0237186 0.00889459 0.0270426 0.0147717 0.00326055 0.0123295 0 0.00628468 0.0237186 0.00889459 0.0205027 0.0141906 0.0205027 0.0141906 0.0237186 0.00889459 0.0344272 0.774197 0.0311644 0.771204 0.0311644 0.771204 0.0344272 0.774197 0.0108789 0.778754 0.0139394 0.774059 0.0139394 0.774059 0.0108789 0.778754 0 0.00628468 0.00326055 0.0123295 0.36987 0.00815782 0.36657 0.00343108 0.390222 0 0.38717 0.00635399 0.38717 0.00635399 0.390222 0 0.398438 0.771308 0.395218 0.766883 0.395218 0.766883 0.398438 0.771308 0.37474 0.767685 0.377969 0.764285 0.377969 0.764285 0.37474 0.767685 0.36657 0.00343108 0.36987 0.00815782 0.34589 0.0109183 0.34252 0.00600551 0.36657 0.00343108 0.363445 0.00965923 0.363445 0.00965923 0.36657 0.00343108 0.37474 0.767685 0.371465 0.76342 0.371465 0.76342 0.37474 0.767685 0.350744 0.765132 0.354006 0.761504 0.354006 0.761504 0.350744 0.765132 0.34252 0.00600551 0.34589 0.0109183 0.321624 0.0130049 0.318215 0.00795966 0.34252 0.00600551 0.339344 0.0121275 0.339344 0.0121275 0.34252 0.00600551 0.350744 0.765132 0.347432 0.761003 0.347432 0.761003 0.350744 0.765132 0.326566 0.763328 0.329839 0.759564 0.329839 0.759564 0.326566 0.763328 0.318215 0.00795966 0.321624 0.0130049 0.297171 0.0145949 0.29374 0.00946061 0.318215 0.00795966 0.315002 0.0139948 0.315002 0.0139948 0.318215 0.00795966 0.326566 0.763328 0.323227 0.759309 0.323227 0.759309 0.326566 0.763328 0.302266 0.762074 0.305543 0.758226 0.305543 0.758226 0.302266 0.762074 0.29374 0.00946061 0.297171 0.0145949 0.272595 0.0158122 0.26915 0.0106146 0.29374 0.00946061 0.290502 0.015425 0.290502 0.015425 0.29374 0.00946061 0.302266 0.762074 0.298908 0.758146 0.298908 0.758146 0.302266 0.762074 0.277884 0.761256 0.281163 0.75735 0.281163 0.75735 0.277884 0.761256 0.26915 0.0106146 0.272595 0.0158122 0.247939 0.016736 0.244486 0.0114884 0.26915 0.0106146 0.265894 0.0165218 0.265894 0.0165218 0.26915 0.0106146 0.277884 0.761256 0.274512 0.757406 0.274512 0.757406 0.277884 0.761256 0.253448 0.760813 0.256725 0.756859 0.256725 0.756859 0.253448 0.760813 0.244486 0.0114884 0.247939 0.016736 0.223235 0.0174158 0.219778 0.0121246 0.244486 0.0114884 0.241218 0.0173492 0.241218 0.0173492 0.244486 0.0114884 0.253448 0.760813 0.250067 0.757031 0.250067 0.757031 0.253448 0.760813 0.228978 0.760715 0.232253 0.756717 0.232253 0.756717 0.228978 0.760715 0.219778 0.0121246 0.223235 0.0174158 0.19851 0.0178839 0.195051 0.0125504 0.219778 0.0121246 0.216503 0.0179479 0.216503 0.0179479 0.219778 0.0121246 0.228978 0.760715 0.225591 0.756995 0.225591 0.756995 0.228978 0.760715 0.204493 0.760954 0.207764 0.756911 0.207764 0.756911 0.204493 0.760954 0.195051 0.0125504 0.19851 0.0178839 0.173788 0.0181593 0.170331 0.0127821 0.195051 0.0125504 0.191774 0.0183436 0.191774 0.0183436 0.195051 0.0125504 0.204493 0.760954 0.201102 0.757294 0.201102 0.757294 0.204493 0.760954 0.18001 0.761534 0.183273 0.757443 0.183273 0.757443 0.18001 0.761534 0.170331 0.0127821 0.173788 0.0181593 0.14909 0.0182495 0.145639 0.0128239 0.170331 0.0127821 0.167054 0.0185503 0.167054 0.0185503 0.170331 0.0127821 0.18001 0.761534 0.176617 0.757932 0.176617 0.757932 0.18001 0.761534 0.155543 0.762471 0.158797 0.758327 0.158797 0.758327 0.155543 0.762471 0.145639 0.0128239 0.14909 0.0182495 0.124444 0.0181481 0.121003 0.012666 0.145639 0.0128239 0.142365 0.01857 0.142365 0.01857 0.145639 0.0128239 0.155543 0.762471 0.152153 0.758931 0.152153 0.758931 0.155543 0.762471 0.131113 0.763794 0.134354 0.759589 0.134354 0.759589 0.131113 0.763794 0.121003 0.012666 0.124444 0.0181481 0.099877 0.0178306 0.0964512 0.01228 0.121003 0.012666 0.117734 0.0183891 0.117734 0.0183891 0.121003 0.012666 0.131113 0.763794 0.127728 0.760319 0.127728 0.760319 0.131113 0.763794 0.106744 0.765544 0.109968 0.761269 0.109968 0.761269 0.106744 0.765544 0.0964512 0.01228 0.099877 0.0178306 0.0754234 0.017244 0.09319 0.0179717 0.09319 0.0179717 0.103369 0.762146 0.103369 0.762146 0.0856701 0.763427 0.0856701 0.763427 0.0754234 0.017244 0.0511261 0.0162874 0.0687686 0.017245 0.0687686 0.017245 0.0791126 0.764481 0.0791126 0.764481 0.0615059 0.766162 0.0615059 0.766162 0.0511261 0.0162874 0.0270426 0.0147717 0.0445158 0.016071 0.0445158 0.016071 0.0550132 0.767442 0.0550132 0.767442 0.0375509 0.769632 0.0375509 0.769632 0.0270426 0.0147717 0.00326055 0.0123295 0.0205027 0.0141906 0.0205027 0.0141906 0.0311644 0.771204 0.0311644 0.771204 0.0139394 0.774059 0.0139394 0.774059 0.00326055 0.0123295 0.36987 0.00815782 0.38717 0.00635399 0.38717 0.00635399 0.395218 0.766883 0.395218 0.766883 0.377969 0.764285 0.377969 0.764285 0.36987 0.00815782 0.34589 0.0109183 0.363445 0.00965923 0.363445 0.00965923 0.371465 0.76342 0.371465 0.76342 0.354006 0.761504 0.354006 0.761504 0.34589 0.0109183 0.321624 0.0130049 0.339344 0.0121275 0.339344 0.0121275 0.347432 0.761003 0.347432 0.761003 0.329839 0.759564 0.329839 0.759564 0.321624 0.0130049 0.297171 0.0145949 0.315002 0.0139948 0.315002 0.0139948 0.323227 0.759309 0.323227 0.759309 0.305543 0.758226 0.305543 0.758226 0.297171 0.0145949 0.272595 0.0158122 0.290502 0.015425 0.290502 0.015425 0.298908 0.758146 0.298908 0.758146 0.281163 0.75735 0.281163 0.75735 0.272595 0.0158122 0.247939 0.016736 0.265894 0.0165218 0.265894 0.0165218 0.274512 0.757406 0.274512 0.757406 0.256725 0.756859 0.256725 0.756859 0.247939 0.016736 0.223235 0.0174158 0.241218 0.0173492 0.241218 0.0173492 0.250067 0.757031 0.250067 0.757031 0.232253 0.756717 0.232253 0.756717 0.223235 0.0174158 0.19851 0.0178839 0.216503 0.0179479 0.216503 0.0179479 0.225591 0.756995 0.225591 0.756995 0.207764 0.756911 0.207764 0.756911 0.19851 0.0178839 0.173788 0.0181593 0.191774 0.0183436 0.191774 0.0183436 0.201102 0.757294 0.201102 0.757294 0.183273 0.757443 0.183273 0.757443 0.173788 0.0181593 0.14909 0.0182495 0.167054 0.0185503 0.167054 0.0185503 0.176617 0.757932 0.176617 0.757932 0.158797 0.758327 0.158797 0.758327 0.14909 0.0182495 0.124444 0.0181481 0.142365 0.01857 0.142365 0.01857 0.152153 0.758931 0.152153 0.758931 0.134354 0.759589 0.134354 0.759589 0.124444 0.0181481 0.099877 0.0178306 0.117734 0.0183891 0.117734 0.0183891 0.127728 0.760319 0.127728 0.760319 0.109968 0.761269 0.109968 0.761269 0.099877 0.0178306 </float_array>
          <technique_common>
            <accessor count="448" offset="0" source="#meshId2-tex0-array" stride="2">
              <param name="S" type="float" />
              <param name="T" type="float" />
            </accessor>
          </technique_common>
        </source>
        <vertices id="meshId2-vertices">
          <input semantic="POSITION" source="#meshId2-positions" />
        </vertices>
        <polylist count="288" material="defaultMaterial">
          <input offset="0" semantic="VERTEX" source="#meshId2-vertices" />
          <input offset="0" semantic="NORMAL" source="#meshId2-normals" />
          <input offset="0" semantic="TANGENT" source="#meshId2-tangents" />
          <input offset="0" semantic="BINORMAL" source="#meshId2-bitangents" />
          <input offset="0" semantic="TEXCOORD" source="#meshId2-tex0" set="0" />
          <vcount>3 3 3 3 3 3 3 3 3 3 3 3 3 3 3 3 3 3 3 3 3 3 3 3 3 3 3 3 3 3 3 3 3 3 3 3 3 3 3 3 3 3 3 3 3 3 3 3 3 3 3 3 3 3 3 3 3 3 3 3 3 3 3 3 3 3 3 3 3 3 3 3 3 3 3 3 3 3 3 3 3 3 3 3 3 3 3 3 3 3 3 3 3 3 3 3 3 3 3 3 3 3 3 3 3 3 3 3 3 3 3 3 3 3 3 3 3 3 3 3 3 3 3 3 3 3 3 3 3 3 3 3 3 3 3 3 3 3 3 3 3 3 3 3 3 3 3 3 3 3 3 3 3 3 3 3 3 3 3 3 3 3 3 3 3 3 3 3 3 3 3 3 3 3 3 3 3 3 3 3 3 3 3 3 3 3 3 3 3 3 3 3 3 3 3 3 3 3 3 3 3 3 3 3 3 3 3 3 3 3 3 3 3 3 3 3 3 3 3 3 3 3 3 3 3 3 3 3 3 3 3 3 3 3 3 3 3 3 3 3 3 3 3 3 3 3 3 3 3 3 3 3 3 3 3 3 3 3 3 3 3 3 3 3 3 3 3 3 3 3 3 3 3 3 3 3 3 3 3 3 3 3 3 3 3 3 3 3 </vcount>
          <p>0 1 2 2 3 0 4 5 6 6 7 4 8 9 10 10 11 8 12 13 14 14 15 12 16 17 18 18 19 16 20 21 22 22 23 20 24 25 26 26 27 24 28 29 30 30 31 28 32 33 34 34 35 32 36 37 38 38 39 36 40 41 42 42 43 40 44 45 46 46 47 44 48 49 50 50 51 48 52 53 54 54 55 52 56 57 58 58 59 56 60 61 62 62 63 60 64 65 66 66 67 64 68 69 70 70 71 68 72 73 74 74 75 72 76 77 78 78 79 76 80 81 82 82 83 80 84 85 86 86 87 84 88 89 90 90 91 88 92 93 94 94 95 92 96 97 98 98 99 96 100 101 102 102 103 100 104 105 106 106 107 104 108 109 110 110 111 108 112 113 114 114 115 112 116 117 118 118 119 116 120 121 122 122 123 120 124 125 126 126 127 124 128 129 130 130 131 128 132 133 134 134 135 132 136 137 138 138 139 136 140 141 142 142 143 140 144 145 146 146 147 144 148 149 150 150 151 148 152 153 154 154 155 152 156 157 158 158 159 156 160 161 162 162 163 160 164 165 166 166 167 164 168 169 170 170 171 168 172 173 174 174 175 172 176 177 178 178 179 176 180 181 182 182 183 180 184 185 186 186 187 184 188 189 190 190 191 188 192 193 194 194 195 192 196 197 198 198 199 196 200 201 202 202 203 200 204 205 206 206 207 204 208 209 210 210 211 208 212 213 214 214 215 212 216 217 218 218 219 216 220 221 222 222 223 220 224 225 226 226 227 224 228 229 230 230 231 228 232 233 234 234 235 232 236 237 238 238 239 236 240 241 242 242 243 240 244 245 246 246 247 244 248 249 250 250 251 248 252 253 254 254 255 252 256 257 258 258 259 256 260 261 262 262 263 260 264 265 266 266 267 264 268 269 270 270 271 268 272 273 274 274 275 272 276 277 278 278 279 276 280 281 282 282 283 280 284 285 286 286 287 284 288 289 290 290 291 288 292 293 294 294 295 292 296 297 298 298 299 296 300 301 302 302 303 300 304 305 306 306 307 304 308 309 310 310 311 308 312 313 314 314 315 312 316 317 318 318 319 316 1 320 321 321 2 1 2 322 323 323 3 2 3 324 325 325 0 3 0 326 327 327 1 0 5 328 329 329 6 5 6 330 331 331 7 6 7 332 333 333 4 7 4 334 335 335 5 4 9 336 337 337 10 9 10 338 339 339 11 10 11 340 341 341 8 11 8 342 343 343 9 8 13 344 345 345 14 13 14 346 347 347 15 14 15 348 349 349 12 15 12 350 351 351 13 12 17 352 353 353 18 17 18 354 355 355 19 18 19 356 357 357 16 19 16 358 359 359 17 16 21 360 361 361 22 21 22 362 363 363 23 22 23 364 365 365 20 23 20 366 367 367 21 20 25 368 369 369 26 25 26 370 371 371 27 26 27 372 373 373 24 27 24 374 375 375 25 24 29 376 377 377 30 29 30 378 379 379 31 30 31 380 381 381 28 31 28 382 383 383 29 28 33 384 385 385 34 33 34 386 387 387 35 34 35 388 389 389 32 35 32 390 391 391 33 32 37 392 393 393 38 37 38 394 395 395 39 38 39 396 397 397 36 39 36 398 399 399 37 36 41 400 401 401 42 41 42 402 403 403 43 42 43 404 405 405 40 43 40 406 407 407 41 40 45 408 409 409 46 45 46 410 411 411 47 46 47 412 413 413 44 47 44 414 415 415 45 44 49 416 417 417 50 49 50 418 419 419 51 50 51 420 421 421 48 51 48 422 423 423 49 48 53 424 425 425 54 53 54 426 427 427 55 54 55 428 429 429 52 55 52 430 431 431 53 52 57 432 433 433 58 57 58 434 435 435 59 58 59 436 437 437 56 59 56 438 439 439 57 56 61 440 441 441 62 61 62 442 443 443 63 62 63 444 445 445 60 63 60 446 447 447 61 60 </p>
        </polylist>
      </mesh>
    </geometry>
    <geometry id="meshId3" name="meshId3_name" >
      <mesh>
        <source id="meshId3-positions" name="meshId3-positions">
          <float_array id="meshId3-positions-array" count="918"> -0.0972065 0.748277 0.0402642 -0.0972065 0.727885 0.0402642 -0.0743984 0.727885 0.0743984 -0.0743984 0.748277 0.0743984 -0.105215 0.748277 -3.79063e-08 -0.105215 0.727885 -3.79063e-08 -0.0972059 0.748277 -0.040264 -0.0972059 0.727885 -0.040264 -0.0743983 0.748277 -0.0743984 -0.0743983 0.727885 -0.0743984 -0.040264 0.748277 -0.097206 -0.040264 0.727885 -0.097206 -9.27192e-18 0.748277 -0.105214 1.27372e-18 0.727885 -0.105214 0.0402637 0.748277 -0.0972052 0.0402637 0.727885 -0.0972053 1.27372e-18 0.727885 -0.105214 -9.27192e-18 0.748277 -0.105214 0.0743981 0.748277 -0.0743978 0.0743981 0.727885 -0.0743978 0.0972062 0.748277 -0.040264 0.0972062 0.727885 -0.040264 0.105215 0.748277 1.97062e-08 0.105215 0.727885 1.93844e-08 0.0972064 0.748277 0.0402641 0.0972064 0.727885 0.0402641 0.0743987 0.748277 0.0743987 0.0743987 0.727885 0.0743987 0.0402643 0.748277 0.0972072 0.0402643 0.727885 0.0972072 2.18833e-07 0.748277 0.105216 1.09416e-07 0.727885 0.105216 -0.0402639 0.748277 0.0972059 -0.0402639 0.727885 0.0972059 0.110167 0.755289 -0.0456327 0.0843179 0.755289 -0.0843176 0.0456322 0.755289 -0.110166 -1.84479e-17 0.755289 -0.119243 -1.84479e-17 0.755289 -0.119243 -0.0456325 0.755289 -0.110167 -0.0843181 0.755289 -0.0843183 -0.110167 0.755289 -0.0456326 -0.119244 0.755289 -1.37284e-07 -0.110167 0.755289 0.0456326 -0.0843183 0.755289 0.0843181 -0.0456325 0.755289 0.110167 2.18833e-07 0.755289 0.119245 0.045633 0.755289 0.110168 0.0843185 0.755289 0.0843185 0.110167 0.755289 0.0456326 0.119244 0.755289 -7.19899e-08 0.116639 0.760868 -0.0483134 0.0892712 0.760868 -0.0892708 0.0483129 0.760867 -0.116638 -9.31831e-18 0.760867 -0.126248 -9.31831e-18 0.760867 -0.126248 -0.0483132 0.760868 -0.116639 -0.0892713 0.760868 -0.0892716 -0.116638 0.760868 -0.0483133 -0.126249 0.760868 -1.87182e-07 -0.116639 0.760868 0.0483133 -0.0892716 0.760867 0.0892713 -0.0483131 0.760867 0.116638 2.18833e-07 0.760867 0.12625 0.0483137 0.760867 0.11664 0.0892718 0.760868 0.0892717 0.116639 0.760868 0.0483132 0.126249 0.760868 -1.18052e-07 0.113869 0.766422 -0.047166 0.0871511 0.766422 -0.0871508 0.0471656 0.766421 -0.113868 6.61827e-18 0.766421 -0.12325 6.61827e-18 0.766421 -0.12325 -0.0471659 0.766422 -0.113869 -0.0871513 0.766422 -0.0871516 -0.113869 0.766422 -0.047166 -0.123251 0.766422 -1.65826e-07 -0.113869 0.766422 0.047166 -0.0871515 0.766421 0.0871513 -0.0471659 0.766421 0.113868 2.18833e-07 0.766421 0.123252 0.0471663 0.766421 0.11387 0.0871518 0.766422 0.0871517 0.113869 0.766422 0.0471659 0.123251 0.766422 -9.83373e-08 0.109257 0.770607 -0.0452557 0.0836214 0.770607 -0.0836211 0.0452553 0.770606 -0.109256 6.46261e-18 0.770606 -0.118258 6.46261e-18 0.770606 -0.118258 -0.0452557 0.770607 -0.109257 -0.0836216 0.770607 -0.0836218 -0.109257 0.770607 -0.0452557 -0.118259 0.770607 -1.30458e-07 -0.109257 0.770607 0.0452557 -0.0836219 0.770606 0.0836216 -0.0452556 0.770606 0.109257 2.18833e-07 0.770606 0.11826 0.045256 0.770606 0.109258 0.0836221 0.770607 0.083622 0.109257 0.770607 0.0452557 0.118259 0.770607 -6.57029e-08 0.0962958 0.770607 -0.0398869 0.0737013 0.770607 -0.0737009 0.0398866 0.770606 -0.0962948 -1.74395e-18 0.770606 -0.104229 -1.74395e-18 0.770606 -0.104229 -0.0398869 0.770607 -0.0962955 -0.0737014 0.770607 -0.0737015 -0.0962955 0.770607 -0.0398869 -0.104229 0.770607 -3.05029e-08 -0.096296 0.770607 0.039887 -0.0737016 0.770606 0.0737015 -0.0398869 0.770606 0.0962954 1.09416e-07 0.770606 0.10423 0.0398873 0.770606 0.0962967 0.0737019 0.770607 0.0737019 0.0962959 0.770607 0.039887 0.10423 0.770607 2.657e-08 0.0962958 0.819569 -0.0398869 0.0737013 0.819569 -0.0737009 0.0398866 0.819568 -0.0962948 2.88676e-18 0.819568 -0.104229 2.88676e-18 0.819568 -0.104229 -0.0398869 0.819569 -0.0962955 -0.0737014 0.819569 -0.0737015 -0.0962955 0.819569 -0.0398869 -0.104229 0.819569 -3.05029e-08 -0.096296 0.819569 0.039887 -0.0737016 0.819568 0.0737015 -0.0398869 0.819568 0.0962954 1.09416e-07 0.819568 0.10423 0.0398873 0.819568 0.0962967 0.0737019 0.819569 0.0737019 0.0962959 0.819569 0.039887 0.10423 0.819569 2.657e-08 0.10472 0.822542 -0.0433762 0.0801487 0.822542 -0.0801483 0.0433759 0.822541 -0.104719 4.70258e-19 0.822541 -0.113347 4.70258e-19 0.822541 -0.113347 -0.0433763 0.822542 -0.104719 -0.0801489 0.822542 -0.080149 -0.104719 0.822542 -0.0433762 -0.113347 0.822542 -9.5057e-08 -0.10472 0.822542 0.0433763 -0.0801491 0.822541 0.0801489 -0.0433761 0.822541 0.104719 2.18833e-07 0.822541 0.113348 0.0433766 0.822541 0.104721 0.0801493 0.822542 0.0801493 0.10472 0.822542 0.0433762 0.113348 0.822542 -3.29914e-08 0.113147 0.82948 -0.046867 0.0865986 0.82948 -0.0865983 0.0468665 0.82948 -0.113146 1.0368e-17 0.82948 -0.122469 1.0368e-17 0.82948 -0.122469 -0.0468669 0.82948 -0.113147 -0.0865988 0.82948 -0.086599 -0.113147 0.82948 -0.046867 -0.122469 0.82948 -1.59636e-07 -0.113147 0.82948 0.0468669 -0.0865991 0.82948 0.0865988 -0.0468669 0.82948 0.113146 2.18833e-07 0.82948 0.12247 0.0468673 0.82948 0.113148 0.0865993 0.82948 0.0865992 0.113147 0.82948 0.0468669 0.122469 0.82948 -9.25761e-08 0.117038 0.836401 -0.0484785 0.0895763 0.836401 -0.089576 0.048478 0.8364 -0.117037 2.34605e-17 0.8364 -0.12668 2.34605e-17 0.8364 -0.12668 -0.0484784 0.836401 -0.117037 -0.0895765 0.836401 -0.0895768 -0.117037 0.836401 -0.0484785 -0.12668 0.836401 -1.89611e-07 -0.117038 0.836401 0.0484784 -0.0895768 0.8364 0.0895765 -0.0484783 0.8364 0.117037 2.18833e-07 0.8364 0.126681 0.0484789 0.8364 0.117039 0.089577 0.836401 0.0895769 0.117038 0.836401 0.0484784 0.12668 0.836401 -1.20245e-07 0.115092 0.843317 -0.0476725 0.0880869 0.843317 -0.0880866 0.047672 0.843317 -0.115091 7.27044e-18 0.843317 -0.124574 7.27044e-18 0.843317 -0.124574 -0.0476724 0.843317 -0.115091 -0.0880872 0.843317 -0.0880874 -0.115091 0.843317 -0.0476725 -0.124574 0.843317 -1.74619e-07 -0.115092 0.843317 0.0476724 -0.0880874 0.843317 0.0880871 -0.0476723 0.843317 0.115091 2.18833e-07 0.843317 0.124575 0.0476728 0.843317 0.115093 0.0880876 0.843317 0.0880875 0.115092 0.843317 0.0476723 0.124574 0.843317 -1.06406e-07 0.106657 0.850268 -0.0441789 0.0816317 0.850268 -0.0816314 0.0441785 0.850268 -0.106656 -3.53313e-18 0.850268 -0.115444 -3.53313e-18 0.850268 -0.115444 -0.0441788 0.850268 -0.106657 -0.0816319 0.850268 -0.0816321 -0.106657 0.850268 -0.0441789 -0.115445 0.850268 -1.09981e-07 -0.106658 0.850268 0.0441789 -0.0816321 0.850268 0.0816319 -0.0441787 0.850268 0.106657 2.18833e-07 0.850268 0.115446 0.0441793 0.850268 0.106658 0.0816324 0.850268 0.0816323 0.106658 0.850268 0.0441789 0.115445 0.850268 -4.67665e-08 0.106657 0.853239 -0.0441789 0.0816317 0.853239 -0.0816314 0.0441785 0.853239 -0.106656 4.66359e-18 0.853239 -0.115444 4.66359e-18 0.853239 -0.115444 -0.0441788 0.853239 -0.106657 -0.0816319 0.853239 -0.0816321 -0.106657 0.853239 -0.0441789 -0.115445 0.853239 -1.09981e-07 -0.106658 0.853239 0.0441789 -0.0816321 0.853239 0.0816319 -0.0441787 0.853239 0.106657 2.18833e-07 0.853239 0.115446 0.0441793 0.853239 0.106658 0.0816324 0.853239 0.0816323 0.106658 0.853239 0.0441789 0.115445 0.853239 -4.67665e-08 0.121581 0.860187 -0.0503606 0.0930538 0.860187 -0.0930535 0.0503601 0.860187 -0.12158 -3.38657e-18 0.860187 -0.131598 -3.38657e-18 0.860187 -0.131598 -0.0503604 0.860187 -0.121581 -0.093054 0.860187 -0.0930543 -0.121581 0.860187 -0.0503606 -0.131598 0.860187 -2.23698e-07 -0.121581 0.860187 0.0503604 -0.0930543 0.860187 0.0930539 -0.0503603 0.860187 0.12158 2.18833e-07 0.860187 0.131599 0.0503608 0.860187 0.121582 0.0930546 0.860187 0.0930544 0.121581 0.860187 0.0503603 0.131598 0.860187 -1.51639e-07 0.128074 0.871129 -0.0530501 0.0980234 0.871129 -0.0980231 0.0530495 0.871129 -0.128073 -7.87401e-18 0.871129 -0.138626 -7.87401e-18 0.871129 -0.138626 -0.05305 0.871129 -0.128074 -0.0980237 0.871129 -0.098024 -0.128074 0.871129 -0.0530501 -0.138626 0.871129 -2.73378e-07 -0.128075 0.871129 0.0530499 -0.0980239 0.871129 0.0980235 -0.0530499 0.871129 0.128074 2.18833e-07 0.871129 0.138627 0.0530504 0.871129 0.128075 0.0980241 0.871129 0.098024 0.128074 0.871129 0.0530498 0.138626 0.871129 -1.9747e-07 0.129375 0.903009 -0.0535891 0.0990193 0.903009 -0.099019 0.0535885 0.903009 -0.129374 5.77975e-18 0.903009 -0.140034 5.77975e-18 0.903009 -0.140034 -0.053589 0.903009 -0.129375 -0.0990195 0.903009 -0.0990198 -0.129375 0.903009 -0.0535891 -0.140035 0.903009 -2.83294e-07 -0.129376 0.903009 0.0535889 -0.0990198 0.903009 0.0990194 -0.0535888 0.903009 0.129375 2.18833e-07 0.903009 0.140036 0.0535894 0.903009 0.129377 0.09902 0.903009 0.0990199 0.129376 0.903009 0.0535888 0.140035 0.903009 -2.06616e-07 0.126774 0.910972 -0.0525116 0.0970283 0.910972 -0.097028 0.052511 0.910972 -0.126773 9.8175e-18 0.910972 -0.137219 9.8175e-18 0.910972 -0.137219 -0.0525114 0.910972 -0.126774 -0.0970286 0.910972 -0.0970289 -0.126774 0.910972 -0.0525116 -0.137219 0.910972 -2.63374e-07 -0.126774 0.910972 0.0525114 -0.0970288 0.910972 0.0970284 -0.0525113 0.910972 0.126773 2.18833e-07 0.910972 0.13722 0.0525119 0.910972 0.126775 0.0970291 0.910972 0.0970289 0.126774 0.910972 0.0525113 0.137219 0.910972 -1.88237e-07 </float_array>
          <technique_common>
            <accessor count="306" offset="0" source="#meshId3-positions-array" stride="3">
              <param name="X" type="float" />
              <param name="Y" type="float" />
              <param name="Z" type="float" />
            </accessor>
          </technique_common>
        </source>
        <source id="meshId3-normals" name="meshId3-normals">
          <float_array id="meshId3-normals-array" count="918"> -0.799366 -0.501384 0.3311 -0.923881 -3.31828e-07 0.382679 -0.707102 -9.29335e-08 0.707111 -0.611806 -0.501384 0.611807 -0.865228 -0.501378 -5.47703e-06 -1 -2.38894e-07 -5.74118e-06 -0.799365 -0.501381 -0.331107 -0.92388 0 -0.382681 -0.611806 -0.501382 -0.611808 -0.707107 0 -0.707107 -0.331104 -0.501384 -0.799365 -0.382677 0 -0.923882 4.7731e-06 -0.501383 -0.865225 8.12716e-06 5.8396e-07 -1 0.331112 -0.501381 -0.799363 0.382684 1.20362e-06 -0.923879 8.12716e-06 5.8396e-07 -1 4.7731e-06 -0.501383 -0.865225 0.611803 -0.501382 -0.611812 0.707098 7.39097e-07 -0.707115 0.799363 -0.501382 -0.331111 0.923878 1.40068e-07 -0.382688 0.865229 -0.501378 -1.70591e-06 1 2.06209e-08 -1.92006e-06 0.799369 -0.501379 0.331102 0.923883 0 0.382676 0.611816 -0.501381 0.611799 0.707114 0 0.7071 0.331113 -0.501386 0.79936 0.382688 -2.68757e-07 0.923878 -1.44974e-05 -0.501387 0.865223 -1.74995e-05 2.41131e-12 1 -0.331114 -0.501382 0.799362 -0.382689 2.68758e-07 0.923877 0.486433 -0.850168 -0.20149 0.3723 -0.850167 -0.372302 0.201491 -0.850168 -0.486431 8.08698e-07 -0.850168 -0.526512 8.08698e-07 -0.850168 -0.526512 -0.201487 -0.850167 -0.486434 -0.3723 -0.850167 -0.372302 -0.486434 -0.850167 -0.201489 -0.526513 -0.850167 -4.03607e-06 -0.486437 -0.850167 0.201481 -0.372301 -0.850168 0.372298 -0.201493 -0.850168 0.486431 -8.71429e-06 -0.850169 0.52651 0.201494 -0.850171 0.486426 0.372308 -0.850168 0.372292 0.486435 -0.850167 0.201485 0.526513 -0.850167 -6.82856e-07 0.876316 -0.316724 -0.362982 0.6707 -0.316725 -0.670706 0.362984 -0.31673 -0.876313 6.64523e-06 -0.316729 -0.948516 6.64523e-06 -0.316729 -0.948516 -0.362977 -0.316724 -0.876318 -0.670702 -0.316724 -0.670704 -0.876315 -0.316725 -0.362984 -0.948516 -0.316729 -8.15316e-06 -0.876318 -0.316725 0.362978 -0.670698 -0.316726 0.670707 -0.362986 -0.316727 0.876314 -1.44938e-05 -0.316729 0.948516 0.362988 -0.316732 0.876311 0.670712 -0.316727 0.670693 0.876318 -0.316726 0.362976 0.948517 -0.316726 -3.12266e-07 0.724804 0.620101 -0.300222 0.554734 0.620103 -0.554745 0.300222 0.6201 -0.724806 9.91158e-06 0.620098 -0.784525 9.91158e-06 0.620098 -0.784525 -0.300215 0.620098 -0.72481 -0.554743 0.6201 -0.55474 -0.724806 0.620099 -0.300222 -0.784524 0.620098 -5.88111e-06 -0.724805 0.620098 0.300226 -0.554736 0.620094 0.554753 -0.30023 0.620093 0.724808 -1.2931e-05 0.620095 0.784526 0.300224 0.620096 0.724807 0.554745 0.6201 0.554738 0.724807 0.620101 0.300217 0.784523 0.6201 -1.22929e-06 0.24354 0.96463 -0.100877 0.186391 0.964631 -0.1864 0.100873 0.964631 -0.243541 7.27407e-06 0.96463 -0.263607 7.27407e-06 0.96463 -0.263607 -0.100871 0.964631 -0.24354 -0.186396 0.964631 -0.186395 -0.243538 0.964631 -0.100875 -0.263603 0.964631 -1.08028e-06 -0.243538 0.964631 0.100879 -0.186393 0.964631 0.1864 -0.100878 0.964631 0.243537 -4.82362e-06 0.96463 0.263606 0.100874 0.964631 0.243539 0.186394 0.964632 0.186395 0.243539 0.964631 0.100874 0.263604 0.964631 -8.28753e-08 0.87362 0.32533 -0.361869 0.668633 0.325326 -0.668651 0.361865 0.325327 -0.873622 1.07019e-05 0.325329 -0.945601 1.07019e-05 0.325329 -0.945601 -0.361858 0.32533 -0.873625 -0.668641 0.32533 -0.66864 -0.873623 0.325327 -0.361864 -0.945602 0.325326 -6.83222e-06 -0.873622 0.325329 0.361863 -0.668636 0.325329 0.668646 -0.361874 0.325324 0.87362 -1.58486e-05 0.32533 0.945601 0.361867 0.325332 0.87362 0.668646 0.325326 0.668637 0.873624 0.325327 0.36186 0.945602 0.325325 -1.08832e-06 0.9054 -0.199 -0.375034 0.692957 -0.198999 -0.692972 0.375031 -0.198997 -0.905401 7.41059e-06 -0.198999 -0.98 7.41059e-06 -0.198999 -0.98 -0.375025 -0.199002 -0.905403 -0.692964 -0.199002 -0.692964 -0.905402 -0.199 -0.375029 -0.98 -0.198999 -7.02249e-06 -0.905403 -0.199001 0.375024 -0.692961 -0.198999 0.692968 -0.375037 -0.198996 0.905399 -1.66071e-05 -0.199 0.979999 0.375034 -0.199 0.9054 0.692972 -0.199 0.692957 0.905404 -0.199 0.375023 0.98 -0.198998 -1.4354e-06 0.461081 -0.866561 -0.190989 0.352896 -0.86656 -0.3529 0.19099 -0.866559 -0.461083 1.36646e-06 -0.86656 -0.499072 1.36646e-06 -0.86656 -0.499072 -0.190986 -0.866561 -0.461081 -0.352895 -0.866562 -0.352895 -0.46108 -0.866562 -0.190985 -0.49907 -0.866562 -3.59663e-06 -0.461085 -0.86656 0.190983 -0.352897 -0.866558 0.352903 -0.190991 -0.866557 0.461087 -8.34913e-06 -0.866562 0.499069 0.190991 -0.866563 0.461076 0.352903 -0.866562 0.352889 0.461082 -0.866561 0.190983 0.499071 -0.866561 6.44559e-08 0.67891 -0.678231 -0.281217 0.519614 -0.67823 -0.51962 0.281218 -0.678232 -0.67891 3.84902e-06 -0.678231 -0.734849 3.84902e-06 -0.678231 -0.734849 -0.281211 -0.678231 -0.678913 -0.519618 -0.678232 -0.519614 -0.678914 -0.67823 -0.281212 -0.73485 -0.678229 -4.92219e-06 -0.678915 -0.67823 0.281209 -0.519615 -0.678231 0.519618 -0.28122 -0.67823 0.67891 -1.22851e-05 -0.678233 0.734847 0.281218 -0.678234 0.678907 0.519626 -0.678231 0.519607 0.678916 -0.67823 0.281209 0.734849 -0.67823 -1.03697e-06 0.914529 -0.141903 -0.378814 0.699947 -0.141902 -0.699956 0.378812 -0.141904 -0.91453 7.93043e-06 -0.141902 -0.989881 7.93043e-06 -0.141902 -0.989881 -0.378806 -0.141899 -0.914533 -0.699954 -0.141901 -0.699949 -0.914531 -0.1419 -0.37881 -0.989881 -0.1419 -7.42997e-06 -0.914534 -0.141898 0.378803 -0.699953 -0.141899 0.699951 -0.378819 -0.141896 0.914528 -1.62259e-05 -0.141894 0.989882 0.378815 -0.141897 0.91453 0.699962 -0.141898 0.699942 0.914534 -0.1419 0.378803 0.989881 -0.141902 -2.82462e-06 0.734323 0.606836 -0.304172 0.562022 0.606835 -0.562034 0.304169 0.606829 -0.734329 8.68028e-06 0.606828 -0.794833 8.68028e-06 0.606828 -0.794833 -0.304159 0.606835 -0.734328 -0.562027 0.606839 -0.562025 -0.734324 0.606838 -0.304165 -0.794826 0.606838 -6.52621e-06 -0.734326 0.606834 0.304166 -0.562028 0.606827 0.562037 -0.304176 0.606825 0.73433 -1.32386e-05 0.606824 0.794836 0.30417 0.606828 0.73433 0.562034 0.606835 0.562023 0.734327 0.606835 0.304161 0.794828 0.606835 -3.10364e-06 0.667852 0.690973 -0.276641 0.511147 0.690969 -0.511165 0.276636 0.690965 -0.667862 8.51273e-06 0.690967 -0.722887 8.51273e-06 0.690967 -0.722887 -0.276627 0.690971 -0.66786 -0.511153 0.690975 -0.511153 -0.667855 0.690974 -0.276632 -0.72288 0.690974 -6.18274e-06 -0.667854 0.690973 0.276636 -0.511151 0.690964 0.511168 -0.276643 0.690961 0.667863 -1.31975e-05 0.690964 0.722889 0.276637 0.690965 0.667862 0.51116 0.690969 0.511153 0.667858 0.690972 0.276628 0.722883 0.690971 -3.56018e-06 0.466119 -0.863398 -0.193074 0.35675 -0.863396 -0.356759 0.193075 -0.863396 -0.466123 4.75008e-06 -0.863396 -0.504527 4.75008e-06 -0.863396 -0.504527 -0.19307 -0.863397 -0.466122 -0.356752 -0.863397 -0.356754 -0.466121 -0.863397 -0.193072 -0.504525 -0.863397 -3.35276e-06 -0.46612 -0.863398 0.19307 -0.356751 -0.863396 0.356757 -0.193079 -0.863395 0.466122 -9.2665e-06 -0.863397 0.504526 0.193075 -0.863397 0.466121 0.356757 -0.863395 0.356753 0.466123 -0.863396 0.193072 0.504527 -0.863396 -6.41262e-07 0.594618 -0.765353 -0.246301 0.455097 -0.765352 -0.455107 0.2463 -0.765352 -0.59462 5.48864e-06 -0.765352 -0.643612 5.48864e-06 -0.765352 -0.643612 -0.246294 -0.765353 -0.594621 -0.4551 -0.765354 -0.455101 -0.594619 -0.765354 -0.246297 -0.643611 -0.765353 -3.70869e-06 -0.594621 -0.765352 0.246297 -0.4551 -0.765353 0.455104 -0.246304 -0.765353 0.594616 -1.10558e-05 -0.765351 0.643613 0.246301 -0.765352 0.594619 0.455106 -0.765352 0.455099 0.594621 -0.765352 0.246296 0.643611 -0.765353 -1.48235e-06 0.908416 -0.182187 -0.376283 0.695265 -0.182188 -0.69528 0.37628 -0.182188 -0.908417 8.2474e-06 -0.182188 -0.983264 8.2474e-06 -0.182188 -0.983264 -0.376272 -0.182188 -0.90842 -0.695273 -0.182188 -0.695272 -0.908419 -0.182187 -0.376276 -0.983264 -0.182187 -6.39479e-06 -0.908419 -0.182187 0.376275 -0.695268 -0.182187 0.695277 -0.376286 -0.182187 0.908414 -1.66113e-05 -0.182187 0.983264 0.376282 -0.182187 0.908416 0.69528 -0.182187 0.695265 0.90842 -0.182187 0.376271 0.983264 -0.182187 -2.36031e-06 0.923385 0.0326722 -0.382483 0.706722 0.0326722 -0.706736 0.38248 0.0326725 -0.923386 8.40363e-06 0.0326726 -0.999466 8.40363e-06 0.0326726 -0.999466 -0.382473 0.0326729 -0.923389 -0.70673 0.0326729 -0.706728 -0.923387 0.0326718 -0.382477 -0.999466 0.0326715 -6.65774e-06 -0.923388 0.0326725 0.382474 -0.706725 0.0326732 0.706733 -0.382486 0.0326731 0.923383 -1.68146e-05 0.0326729 0.999466 0.382483 0.0326728 0.923385 0.706737 0.032672 0.706722 0.923389 0.0326719 0.382472 0.999466 0.0326726 -2.14045e-06 0.871041 0.333333 -0.360801 0.666659 0.333336 -0.666674 0.360796 0.333335 -0.871042 8.32001e-06 0.333335 -0.942808 8.32001e-06 0.333335 -0.942808 -0.36079 0.333339 -0.871043 -0.666667 0.333338 -0.666664 -0.871042 0.333334 -0.360796 -0.942809 0.333334 -6.56407e-06 -0.871042 0.33334 0.36079 -0.666661 0.333341 0.666669 -0.360803 0.333336 0.871039 -1.64811e-05 0.333338 0.942807 0.360799 0.333338 0.87104 0.666671 0.333334 0.666662 0.871045 0.333332 0.360791 0.94281 0.333331 -2.03194e-06 </float_array>
          <technique_common>
            <accessor count="306" offset="0" source="#meshId3-normals-array" stride="3">
              <param name="X" type="float" />
              <param name="Y" type="float" />
              <param name="Z" type="float" />
            </accessor>
          </technique_common>
        </source>
        <source id="meshId3-tangents" name="meshId3-tangents">
          <float_array id="meshId3-tangents-array" count="918"> 0.407412 -0.0472723 0.91202 0.381844 -0.0660223 0.921865 0.70691 -0.0238387 0.706902 0.713839 -0.0167522 0.700109 0.0442681 -0.0764042 0.996094 -5.68967e-06 -0.106217 0.994343 -0.325035 -0.102632 0.940117 -0.378804 -0.14199 0.91452 -0.64941 -0.123221 0.750389 -0.69692 -0.16913 0.69692 -0.880598 -0.140159 0.452662 -0.907079 -0.189855 0.375717 -0.96306 -0.232995 0.135011 -0.980145 -0.198281 -8.07667e-06 -0.831619 0.245215 -0.498278 -0.872263 0.329571 -0.361303 -0.939203 0.343363 -7.43701e-06 -0.92355 0.331794 -0.192274 -0.590252 0.225538 -0.775072 -0.673497 0.304671 -0.673481 -0.264871 0.200591 -0.94319 -0.368236 0.272215 -0.888989 0.0994706 0.17166 -0.980122 -1.86181e-06 0.233561 -0.972342 0.452955 0.140799 -0.880345 0.37556 0.191945 -0.906704 0.746205 0.109251 -0.656691 0.699192 0.149139 -0.699206 0.937356 0.0775516 -0.339631 0.918683 0.105892 -0.380536 0.998591 0.0459069 0.0266193 0.998044 0.0625179 1.7467e-05 0.920549 0.0144276 0.390362 0.923707 0.0191914 0.382619 -0.17729 0.129771 -0.975565 -0.512438 0.146158 -0.846194 -0.77909 0.161883 -0.605651 -0.888347 0.241759 -0.390375 -0.936306 -0.184903 0.298565 -0.850942 -0.0940104 0.516778 -0.605166 -0.0817702 0.791889 -0.279384 -0.067152 0.957828 0.0802956 -0.0497322 0.99553 0.427782 -0.0306751 0.903361 0.719246 -0.010764 0.694672 0.917815 0.00956084 0.396894 0.998369 0.0300522 0.0485426 0.950866 0.0506002 -0.305441 0.781797 0.0710994 -0.619467 0.513215 0.0913967 -0.85338 0.179507 0.11117 -0.977455 -0.32172 0.176061 -0.930322 -0.644102 0.199718 -0.738408 -0.869235 0.223688 -0.440901 -0.956451 0.276862 -0.0924567 -0.979677 -0.190257 0.0635239 -0.899422 -0.126663 0.418326 -0.675818 -0.111687 0.728558 -0.352875 -0.090918 0.931243 0.0224165 -0.0671569 0.997491 0.395105 -0.0414659 0.9177 0.710504 -0.0147291 0.703539 0.922195 0.0125328 0.386521 0.999108 0.0400444 0.0133869 0.930171 0.067695 -0.360831 0.726035 0.0953913 -0.681009 0.417387 0.122982 -0.900368 0.050121 0.150101 -0.987399 -0.508055 0.186748 -0.840837 -0.799282 0.211957 -0.562337 -0.95264 0.233477 -0.194845 -0.984803 0.136256 0.107686 -0.998885 -0.0370246 -0.0292773 -0.950635 -0.13196 0.280855 -0.765655 -0.119528 0.632048 -0.450665 -0.0971286 0.887394 -0.0567652 -0.0718077 0.995802 0.349591 -0.0444776 0.935846 0.698043 -0.0159753 0.715878 0.927723 0.0131436 0.373037 0.998529 0.042549 -0.0336146 0.898177 0.0720621 -0.433687 0.6444 0.101544 -0.757916 0.281815 0.130782 -0.950514 -0.125986 0.159389 -0.979144 -0.582423 0.0622861 -0.810497 -0.864309 0.0707845 -0.497954 -0.991205 0.0763663 -0.108075 -0.994476 0.0276757 0.101248 -0.999569 0.00774921 0.0283295 -0.971602 -0.0428473 0.23271 -0.802277 -0.039934 0.595615 -0.489769 -0.0325417 0.871244 -0.0880123 -0.0240498 0.995829 0.331651 -0.0149157 0.943284 0.692993 -0.00540169 0.720924 0.929799 0.00431685 0.368043 0.998563 0.0141315 -0.0516941 0.88647 0.023981 -0.462164 0.613762 0.0338164 -0.788766 0.230125 0.0435647 -0.972185 -0.194376 0.0531169 -0.979488 -0.430707 0.170902 -0.886162 -0.739325 0.194648 -0.644601 -0.928813 0.205985 -0.308019 -0.983993 0.168515 0.0579658 -0.998274 -0.0555265 -0.0191149 -0.932227 -0.122798 0.340402 -0.728964 -0.109348 0.675762 -0.409155 -0.0885807 0.908155 -0.0224158 -0.0651336 0.997625 0.369564 -0.0401782 0.928336 0.703556 -0.0142861 0.710496 0.9254 0.0121525 0.378797 0.999155 0.0388724 -0.0133572 0.912992 0.0657209 -0.402649 0.681191 0.0925529 -0.726232 0.341734 0.119205 -0.932206 -0.0500401 0.145445 -0.9881 -0.332484 0.216978 -0.91781 -0.647761 0.250186 -0.719592 -0.860436 0.288728 -0.419865 -0.921031 0.381698 -0.0775146 -0.972119 -0.229799 0.0466556 -0.895102 -0.176326 0.409513 -0.679784 -0.139868 0.719952 -0.359445 -0.110787 0.926566 0.0163647 -0.0806258 0.99661 0.39142 -0.0491663 0.918898 0.70941 -0.0167356 0.704597 0.922478 0.0163398 0.385703 0.998708 0.0497922 0.0101278 0.927007 0.0834297 -0.365646 0.718846 0.117078 -0.68524 0.406387 0.150615 -0.901202 0.0373472 0.18393 -0.98223 -0.145469 0.138506 -0.97962 -0.471271 0.161213 -0.86713 -0.720897 0.194977 -0.66505 -0.811708 0.291489 -0.506127 -0.894863 -0.222758 0.386781 -0.814034 -0.122663 0.567717 -0.582904 -0.0914152 0.807382 -0.265101 -0.0708783 0.961612 0.0887695 -0.0511283 0.994739 0.431576 -0.0309422 0.901546 0.71957 -0.0102679 0.694344 0.916509 0.0107662 0.399869 0.99794 0.032012 0.0556009 0.954034 0.0533553 -0.294911 0.790825 0.0746797 -0.607469 0.529436 0.0959337 -0.842908 0.203389 0.117136 -0.972066 -0.203974 0.193712 -0.95962 -0.523276 0.228146 -0.821055 -0.753021 0.28259 -0.594224 -0.842455 0.395909 -0.36541 -0.912593 -0.300459 0.277304 -0.833469 -0.178046 0.523096 -0.610921 -0.130228 0.780907 -0.294418 -0.0993858 0.950495 0.0657479 -0.0712439 0.99529 0.41869 -0.043004 0.907111 0.716303 -0.0142928 0.697643 0.918449 0.0148326 0.39526 0.998186 0.0442344 0.0408431 0.945269 0.073785 -0.31784 0.767537 0.103391 -0.632611 0.489797 0.133044 -0.861625 0.150371 0.162926 -0.975112 -0.339153 0.241439 -0.909221 -0.64765 0.286988 -0.705824 -0.842104 0.357035 -0.404212 -0.90757 0.415651 -0.0595918 -0.957212 -0.28646 0.041057 -0.887804 -0.223354 0.40239 -0.680653 -0.164248 0.713956 -0.363229 -0.124094 0.923399 0.0126864 -0.0885513 0.995991 0.38919 -0.0533994 0.919608 0.708804 -0.0178865 0.705179 0.922732 0.0180541 0.385018 0.998492 0.0543305 0.00780435 0.924963 0.090829 -0.369043 0.714131 0.127499 -0.688303 0.399136 0.164426 -0.902028 0.0289553 0.202006 -0.978956 -0.514006 0.204419 -0.833073 -0.804683 0.243948 -0.541271 -0.943418 0.29876 -0.14389 -0.952735 0.241477 0.184349 -0.988349 -0.120971 -0.0923678 -0.952576 -0.186264 0.240633 -0.771903 -0.140714 0.619972 -0.454037 -0.106007 0.884654 -0.0575658 -0.075388 0.995491 0.349984 -0.0454656 0.935651 0.698665 -0.0154009 0.715283 0.928086 0.014967 0.372066 0.998354 0.0455946 -0.0347929 0.897276 0.0764094 -0.434807 0.642648 0.107377 -0.7586 0.279032 0.138622 -0.950224 -0.130229 0.170568 -0.976702 -0.530227 0.180846 -0.828344 -0.821233 0.217165 -0.527651 -0.957121 0.260291 -0.127155 -0.961074 0.199732 0.190901 -0.992422 -0.0888201 -0.0849098 -0.959512 -0.160231 0.231653 -0.780006 -0.123147 0.613536 -0.461375 -0.0926884 0.88235 -0.0627937 -0.0656842 0.995863 0.347199 -0.0395347 0.936958 0.697971 -0.0133546 0.716001 0.928513 0.0130895 0.371068 0.998484 0.0398024 -0.0380264 0.895513 0.066758 -0.44 0.637597 0.09396 -0.764619 0.269865 0.12157 -0.955193 -0.143478 0.1501 -0.978204 -0.19293 0.113784 -0.974593 -0.514586 0.137114 -0.846405 -0.767818 0.162821 -0.619633 -0.864289 0.253771 -0.434286 -0.916985 -0.201271 0.344425 -0.835743 -0.104183 0.539147 -0.605256 -0.0772753 0.792271 -0.289118 -0.0575959 0.955559 0.0692101 -0.0404467 0.996782 0.42031 -0.0240779 0.907061 0.716479 -0.00780962 0.697565 0.918125 0.0085774 0.396198 0.998758 0.0251338 0.04303 0.94811 0.0418658 -0.315174 0.773441 0.0588038 -0.631135 0.498607 0.0760928 -0.863482 0.161055 0.0941136 -0.982448 -0.186979 0.166307 -0.968184 -0.504025 0.199927 -0.840231 -0.744414 0.243484 -0.621742 -0.841148 0.348065 -0.41391 -0.904323 -0.274729 0.326687 -0.822694 -0.15924 0.545726 -0.597567 -0.116404 0.793325 -0.284675 -0.0860773 0.954752 0.0714514 -0.0600906 0.995632 0.421235 -0.0356282 0.906252 0.716701 -0.0115415 0.697285 0.917974 0.0125812 0.39644 0.998359 0.0368502 0.0438375 0.947573 0.0612943 -0.313606 0.77306 0.0859793 -0.628478 0.499054 0.111163 -0.859411 0.163482 0.137479 -0.97692 -0.327678 0.248671 -0.911476 -0.634147 0.29985 -0.712704 -0.830561 0.368174 -0.41787 -0.901501 0.425532 -0.078854 -0.949726 -0.307844 0.057032 -0.880155 -0.235957 0.411887 -0.67254 -0.176332 0.718747 -0.357097 -0.129866 0.924995 0.0167313 -0.090334 0.995771 0.391279 -0.0535526 0.918713 0.709303 -0.0175976 0.704684 0.92242 0.0182864 0.385755 0.99847 0.0543589 0.0100889 0.92637 0.0907165 -0.365525 0.717835 0.127519 -0.684435 0.405518 0.16522 -0.899032 0.0379613 0.20489 -0.978049 -0.377213 0.262062 -0.888276 -0.677931 0.317007 -0.663262 -0.861124 0.374866 -0.343426 -0.924763 0.38034 0.0124255 -0.965091 -0.261776 -0.00856555 -0.899753 -0.24046 0.364174 -0.699012 -0.186374 0.690397 -0.383201 -0.137241 0.913412 -0.00311761 -0.0951691 0.995456 0.380368 -0.0563434 0.923117 0.706558 -0.018625 0.70741 0.923948 0.0189116 0.382051 0.998394 0.056615 -0.00183397 0.918542 0.0946468 -0.383826 0.697709 0.133233 -0.703883 0.371679 0.172961 -0.912107 -0.00703379 0.215102 -0.976566 -0.451941 0.256055 -0.854509 -0.745307 0.309111 -0.590735 -0.902808 0.35917 -0.236504 -0.940999 0.319057 0.112796 -0.978354 -0.195099 -0.0689871 -0.926895 -0.231725 0.295246 -0.739237 -0.181329 0.648574 -0.422521 -0.133827 0.896419 -0.0328363 -0.0928552 0.995138 0.364061 -0.0549961 0.92975 0.702425 -0.0182148 0.711524 0.926191 0.0183993 0.376607 0.998285 0.055192 -0.0194962 0.906946 0.0923296 -0.411005 0.667833 0.13004 -0.732863 0.321312 0.168911 -0.931788 -0.074305 0.210162 -0.974839 </float_array>
          <technique_common>
            <accessor count="306" offset="0" source="#meshId3-tangents-array" stride="3">
              <param name="X" type="float" />
              <param name="Y" type="float" />
              <param name="Z" type="float" />
            </accessor>
          </technique_common>
        </source>
        <source id="meshId3-bitangents" name="meshId3-bitangents">
          <float_array id="meshId3-bitangents-array" count="918"> -0.441621 0.863932 0.242058 0.0252651 0.997818 0.0609969 0.0168565 0.999716 0.0168565 -0.340774 0.865063 0.368156 -0.49942 0.861848 0.0883021 -8.47354e-07 0.994343 0.106217 -0.505339 0.859118 -0.0809261 -0.0543369 0.989868 0.131182 -0.451619 0.856407 -0.250215 -0.119593 0.985594 0.119593 -0.338996 0.853797 -0.395111 -0.175404 0.981812 0.0726533 -0.269286 0.833264 -0.482863 -0.198281 0.980145 -1.03909e-06 0.445843 0.829751 -0.335764 0.304483 0.944131 0.126123 0.343363 0.939203 3.33902e-06 0.383479 0.799079 -0.463051 0.526593 0.835314 -0.157957 0.215437 0.952458 0.215433 0.539316 0.841653 0.0275437 0.104173 0.962236 0.251494 0.491412 0.848029 0.198397 4.284e-07 0.972342 0.233561 0.394768 0.853695 0.339653 -0.0734525 0.981406 0.177334 0.262412 0.858301 0.440975 -0.105456 0.988816 0.105458 0.108295 0.861741 0.495656 -0.0978308 0.994378 0.0405237 -0.0530663 0.864004 0.50068 -0.0625179 0.998044 -1.09403e-06 -0.207253 0.865106 0.456769 -0.0177304 0.999816 -0.00734459 0.855542 0.510269 -0.0876011 0.773822 0.505819 -0.381244 0.59365 0.501007 -0.629739 0.459173 0.467725 -0.755244 -0.351184 0.492976 -0.796018 -0.485078 0.518052 -0.704501 -0.703681 0.520124 -0.484049 -0.827844 0.522214 -0.204858 -0.846367 0.524159 0.0944493 -0.761828 0.525618 0.378608 -0.586581 0.526401 0.615487 -0.342077 0.526425 0.77837 -0.0570922 0.525652 0.848782 0.235064 0.52407 0.818594 0.500181 0.521689 0.691129 0.707101 0.518519 0.480777 0.831 0.514642 0.211144 0.358563 0.932035 0.0523882 0.367824 0.927253 -0.0700523 0.335668 0.921762 -0.194117 0.291892 0.90721 -0.302934 -0.200582 0.929239 -0.310293 -0.243491 0.940022 -0.238893 -0.305661 0.941919 -0.139139 -0.32795 0.94415 -0.0320916 -0.315935 0.946136 0.0707994 -0.275607 0.94761 0.161477 -0.21295 0.948403 0.234914 -0.133404 0.948434 0.287535 -0.0422227 0.947671 0.316446 0.054965 0.946096 0.319188 0.151716 0.943708 0.293935 0.24053 0.94051 0.239969 0.312735 0.936565 0.158248 -0.465338 0.761971 0.450401 -0.231125 0.755345 0.613217 0.0484019 0.748976 0.660827 0.173672 0.772602 0.610676 -0.0472015 0.783651 0.619406 0.0785112 0.773347 0.629103 0.325626 0.775364 0.54109 0.521112 0.778488 0.349856 0.617494 0.781231 0.0915349 0.59367 0.783262 -0.184543 0.452774 0.784365 -0.42399 0.221791 0.784419 -0.579221 -0.054225 0.783372 -0.619184 -0.321159 0.781209 -0.535322 -0.526314 0.777923 -0.343261 -0.628677 0.773544 -0.0799621 -0.607167 0.768161 0.203168 -0.775546 0.256141 0.576992 -0.467148 0.253921 0.846933 -0.085654 0.252301 0.96385 0.104962 0.26215 0.959302 0.0293703 0.263493 0.964214 0.214045 0.260098 0.941559 0.567105 0.260561 0.781345 0.837147 0.261586 0.480372 0.960608 0.262503 0.091239 0.911426 0.263182 -0.316288 0.696433 0.263549 -0.667476 0.353974 0.263568 -0.897348 -0.0535908 0.263227 -0.963244 -0.451658 0.262511 -0.852698 -0.767172 0.261424 -0.585751 -0.942195 0.259979 -0.211376 -0.944844 0.258197 0.201503 -0.226451 0.930028 0.289425 -0.0795537 0.925351 0.37067 0.0797465 0.922894 0.376707 0.178206 0.930464 0.320124 -0.0587245 0.943969 0.324767 0.00346343 0.937593 0.347716 0.146731 0.939257 0.310269 0.263393 0.941443 0.210495 0.324553 0.943356 0.0688829 0.316554 0.944747 -0.0851293 0.240698 0.945493 -0.219335 0.112615 0.945525 -0.305452 -0.0411033 0.944801 -0.325056 -0.18841 0.943313 -0.273243 -0.298147 0.941062 -0.159724 -0.346407 0.938058 -0.00703496 -0.321454 0.93435 0.153813 0.264018 0.955677 0.130288 0.316571 0.947526 0.0444643 0.344966 0.936502 -0.0629425 0.389489 0.902611 -0.183281 -0.234487 0.952676 -0.193452 -0.241141 0.964006 -0.112001 -0.240196 0.969967 -0.0383546 -0.225935 0.973717 0.0287772 -0.198325 0.976677 0.0822698 -0.164423 0.978765 0.122408 -0.128617 0.979857 0.152769 -0.0915475 0.979864 0.177442 -0.0508117 0.978734 0.198742 -0.00277343 0.976442 0.215764 0.0552332 0.972981 0.224182 0.122855 0.968356 0.217238 0.195462 0.962585 0.187683 0.875353 0.479467 -0.0621959 0.808312 0.472318 -0.351493 0.666206 0.459412 -0.587462 0.584064 0.405102 -0.703393 -0.446341 0.446601 -0.775453 -0.54852 0.483762 -0.681983 -0.731907 0.490625 -0.472863 -0.846833 0.494011 -0.197046 -0.862003 0.496444 0.102441 -0.775334 0.498113 0.388254 -0.598066 0.498971 0.627173 -0.351473 0.498962 0.792151 -0.0641578 0.498042 0.864776 0.230958 0.496207 0.836921 0.500056 0.493451 0.711653 0.71211 0.489763 0.503022 0.842355 0.48513 0.234708 0.705319 0.708857 -0.00682813 0.675414 0.698536 -0.236354 0.594875 0.678339 -0.431253 0.538766 0.619079 -0.571378 -0.408868 0.670617 -0.61895 -0.475658 0.712953 -0.515216 -0.597305 0.723216 -0.346677 -0.672602 0.728098 -0.132209 -0.675035 0.731388 0.0969457 -0.603136 0.733591 0.313164 -0.465736 0.73471 0.493245 -0.278148 0.734699 0.618749 -0.0602066 0.733515 0.677002 0.165477 0.731132 0.661863 0.375334 0.727539 0.574292 0.546966 0.722706 0.422521 0.661351 0.71656 0.221712 0.220482 0.959985 0.172676 0.301037 0.947366 0.108973 0.383878 0.923249 0.0157511 0.419901 0.898386 -0.128782 -0.289387 0.947526 -0.135832 -0.261363 0.964354 -0.041371 -0.216277 0.976159 0.0183807 -0.178038 0.982072 0.0619462 -0.141332 0.985912 0.0894555 -0.110263 0.98844 0.104061 -0.0875442 0.98972 0.113098 -0.0711434 0.989717 0.124093 -0.0548882 0.98839 0.141679 -0.0306995 0.985705 0.165657 0.0084272 0.981636 0.190578 0.0657133 0.976129 0.20701 0.138917 0.96905 0.20407 -0.44336 0.768091 0.462027 -0.191355 0.756466 0.625414 0.132071 0.736547 0.663367 0.303802 0.757264 0.578148 -0.152203 0.785574 0.599757 0.00924546 0.772694 0.634711 0.297138 0.78227 0.547506 0.504598 0.787725 0.353371 0.604101 0.791242 0.0948534 0.581615 0.793527 -0.178996 0.442709 0.794685 -0.415313 0.214788 0.794695 -0.567738 -0.0573534 0.793528 -0.605825 -0.319963 0.791152 -0.521251 -0.520693 0.787541 -0.329632 -0.618793 0.782646 -0.0675326 -0.592696 0.77631 0.2146 -0.522334 0.699894 0.48715 -0.253583 0.689493 0.67845 0.0859782 0.6744 0.733343 0.27629 0.694746 0.664072 -0.122877 0.717409 0.68573 0.0530541 0.704901 0.707319 0.36099 0.712312 0.601911 0.584041 0.716913 0.3807 0.688115 0.719889 0.0908706 0.658349 0.721799 -0.213502 0.501558 0.722765 -0.475447 0.247652 0.722774 -0.645187 -0.0550476 0.721792 -0.689917 -0.34861 0.719799 -0.600301 -0.576356 0.716752 -0.392531 -0.693641 0.712586 -0.105278 -0.67591 0.707128 0.207644 0.86343 0.491526 -0.113539 0.779699 0.485538 -0.395376 0.610883 0.477533 -0.631494 0.502995 0.436059 -0.746223 -0.398922 0.462642 -0.791722 -0.51406 0.493651 -0.701464 -0.711613 0.498572 -0.495008 -0.836147 0.501227 -0.222777 -0.860618 0.502901 0.0801622 -0.778506 0.503949 0.374118 -0.599489 0.504466 0.621391 -0.346073 0.504456 0.791049 -0.0498326 0.503899 0.862324 0.252606 0.502786 0.826678 0.523941 0.501089 0.688764 0.730835 0.498756 0.465964 0.848241 0.495672 0.186537 0.781964 0.621753 -0.0442158 0.734061 0.611772 -0.294771 0.620632 0.595778 -0.509768 0.540806 0.541375 -0.643772 -0.42685 0.582031 -0.692127 -0.512361 0.6236 -0.590432 -0.66015 0.632995 -0.404375 -0.751924 0.637828 -0.166694 -0.76201 0.640799 0.0933605 -0.684827 0.642625 0.343578 -0.528416 0.643508 0.553782 -0.310898 0.643487 0.699476 -0.0572683 0.642557 0.764095 0.203572 0.640687 0.740324 0.441878 0.637843 0.630793 0.630373 0.633939 0.448052 0.747689 0.628756 0.213604 0.25963 0.951299 0.166198 0.338326 0.936428 0.0929414 0.410587 0.911732 -0.0127816 0.432777 0.886414 -0.164239 -0.313082 0.933831 -0.173031 -0.289389 0.954532 -0.0715699 -0.253546 0.967323 7.00131e-05 -0.217388 0.97465 0.0529141 -0.181417 0.979105 0.0918704 -0.147227 0.981805 0.119934 -0.116149 0.983106 0.141461 -0.0868913 0.983094 0.161172 -0.0552872 0.98176 0.181908 -0.0158143 0.97907 0.202908 0.036036 0.97496 0.219442 0.101624 0.969283 0.223969 0.178188 0.96168 0.208377 0.0712122 0.964498 0.254308 0.20237 0.94786 0.246185 0.334925 0.926503 0.171514 0.380543 0.924269 0.0302176 -0.261916 0.964576 0.0315298 -0.21014 0.970109 0.121367 -0.109159 0.981935 0.154555 -0.0226486 0.989999 0.139246 0.0325224 0.994925 0.0952202 0.0517105 0.997877 0.0395993 0.0362763 0.999292 -0.00992275 -0.00497985 0.999287 -0.0374217 -0.0566447 0.997861 -0.0326214 -0.0999361 0.994975 0.00618941 -0.117156 0.990546 0.0713654 -0.095953 0.984386 0.147567 -0.0319065 0.976045 0.215217 -0.192452 0.907372 0.373681 0.00916271 0.890695 0.454509 0.234017 0.871713 0.430525 0.338409 0.887181 0.313671 -0.206937 0.922401 0.326118 -0.103425 0.913887 0.392574 0.0953084 0.925206 0.367302 0.250522 0.933262 0.25741 0.331713 0.938225 0.0984901 0.329765 0.941201 -0.073452 0.249324 0.94263 -0.222004 0.10951 0.942629 -0.315372 -0.0585343 0.941191 -0.332767 -0.217426 0.938276 -0.269007 -0.330981 0.933798 -0.135918 -0.371536 0.927555 0.0400252 -0.324944 0.919088 0.222911 </float_array>
          <technique_common>
            <accessor count="306" offset="0" source="#meshId3-bitangents-array" stride="3">
              <param name="X" type="float" />
              <param name="Y" type="float" />
              <param name="Z" type="float" />
            </accessor>
          </technique_common>
        </source>
        <source id="meshId3-tex0" name="meshId3-tex0">
          <float_array id="meshId3-tex0-array" count="612"> 0.692816 0.633222 0.693446 0.621694 0.716519 0.622719 0.716332 0.634258 0.669314 0.631226 0.670353 0.619725 0.645832 0.628333 0.647226 0.616872 0.622339 0.62468 0.624023 0.613279 0.598749 0.620538 0.600771 0.609177 0.575556 0.615948 0.577715 0.604674 0.923712 0.599551 0.920125 0.588613 0.942101 0.580882 0.945866 0.591684 0.901213 0.606963 0.897954 0.5959 0.878663 0.613701 0.875729 0.602537 0.855951 0.619582 0.853398 0.608324 0.833039 0.624515 0.830911 0.613171 0.809937 0.628462 0.80826 0.617045 0.786677 0.631412 0.785464 0.619938 0.763297 0.63336 0.762554 0.621847 0.739837 0.634308 0.739562 0.622773 0.880802 0.622181 0.90359 0.615347 0.926414 0.607807 0.95026 0.59952 0.572219 0.624077 0.597133 0.628956 0.620997 0.63327 0.644697 0.637 0.668444 0.639931 0.692255 0.641948 0.716104 0.642995 0.739956 0.643044 0.763772 0.642084 0.787507 0.64011 0.81112 0.637123 0.834565 0.633126 0.857802 0.628134 0.882076 0.627031 0.904992 0.620136 0.92789 0.612488 0.95249 0.604156 0.570536 0.62891 0.596344 0.63377 0.620272 0.638202 0.644083 0.641974 0.667983 0.644925 0.691971 0.646952 0.716012 0.648003 0.740064 0.648049 0.764083 0.64708 0.788023 0.64509 0.811839 0.64208 0.835483 0.638055 0.858908 0.633027 0.882996 0.630465 0.906002 0.623529 0.928906 0.615805 0.953157 0.607713 0.570287 0.632547 0.595829 0.637211 0.619768 0.641706 0.643656 0.645504 0.667665 0.648467 0.69178 0.6505 0.715958 0.651552 0.740151 0.651596 0.764314 0.650619 0.788399 0.648618 0.812359 0.645591 0.836145 0.641545 0.859705 0.636492 0.883931 0.633978 0.907029 0.627002 0.929903 0.619224 0.953552 0.61139 0.570325 0.63628 0.595335 0.640752 0.619245 0.645291 0.643207 0.649112 0.667329 0.652086 0.691574 0.654125 0.715892 0.655179 0.74023 0.65522 0.76454 0.654237 0.788774 0.652223 0.812883 0.64918 0.836814 0.645113 0.860514 0.640035 0.88585 0.641482 0.909146 0.634429 0.931916 0.62658 0.953819 0.619065 0.570973 0.644156 0.594275 0.648425 0.618029 0.652941 0.642147 0.656796 0.666515 0.659792 0.691042 0.661843 0.715659 0.662901 0.740307 0.662939 0.764932 0.661944 0.789484 0.659909 0.81391 0.656836 0.838155 0.652728 0.862158 0.6476 0.893371 0.668346 0.91768 0.660933 0.941168 0.652514 0.963122 0.642761 0.565989 0.669438 0.588734 0.675532 0.613194 0.680442 0.638295 0.684468 0.663734 0.687553 0.689369 0.689645 0.715114 0.690707 0.740902 0.690718 0.766679 0.689664 0.79239 0.687538 0.817982 0.684339 0.843394 0.680068 0.868556 0.674732 0.894874 0.673511 0.919482 0.665994 0.943421 0.657363 0.966429 0.646807 0.563272 0.673804 0.58721 0.680617 0.612086 0.685695 0.63746 0.689784 0.66314 0.692898 0.689004 0.695003 0.714973 0.696069 0.740986 0.696077 0.766988 0.695013 0.792926 0.692871 0.818748 0.689647 0.844395 0.685343 0.8698 0.679962 0.896715 0.679701 0.921691 0.672042 0.946141 0.663121 0.970286 0.651937 0.560114 0.679294 0.58538 0.686671 0.610732 0.691988 0.636452 0.696165 0.66243 0.699319 0.688574 0.701443 0.714816 0.702515 0.741101 0.702519 0.767375 0.701442 0.793587 0.699279 0.819687 0.696024 0.845619 0.691678 0.871321 0.686239 0.89805 0.684095 0.92329 0.676326 0.948047 0.667201 0.972762 0.65579 0.558154 0.683393 0.584116 0.690981 0.609773 0.696464 0.635743 0.700706 0.661939 0.703891 0.688285 0.706028 0.714723 0.707104 0.741201 0.707104 0.767669 0.706018 0.794078 0.703839 0.820376 0.700561 0.846512 0.696183 0.872427 0.690699 0.899253 0.688016 0.924727 0.680146 0.949722 0.670844 0.974337 0.659526 0.55707 0.687297 0.583001 0.694847 0.608907 0.70046 0.635106 0.704763 0.661499 0.707976 0.688028 0.710126 0.714642 0.711206 0.741295 0.711204 0.767937 0.710109 0.794521 0.707915 0.820997 0.704616 0.847316 0.700208 0.873422 0.694682 0.901094 0.694153 0.926935 0.686123 0.952286 0.676587 0.97616 0.66554 0.556062 0.693589 0.581191 0.700951 0.607485 0.706687 0.634046 0.711092 0.660753 0.714357 0.687571 0.716531 0.714463 0.71762 0.74139 0.717615 0.768306 0.716508 0.795165 0.714292 0.821922 0.710961 0.848528 0.706508 0.874937 0.700918 0.901593 0.695767 0.927531 0.687695 0.952997 0.678113 0.976906 0.666993 0.555532 0.695123 0.580706 0.702566 0.607119 0.708331 0.633776 0.712762 0.660567 0.71604 0.687462 0.71822 0.714428 0.719311 0.741427 0.719305 0.768415 0.718195 0.795347 0.715973 0.822177 0.712633 0.84886 0.708167 0.875349 0.702559 0.904373 0.705194 0.930884 0.696898 0.957143 0.687046 0.983209 0.674868 0.550554 0.703526 0.577671 0.711822 0.604881 0.717862 0.632096 0.722448 0.659364 0.725809 0.686704 0.728031 0.714099 0.72914 0.74152 0.729135 0.768929 0.72801 0.796284 0.725757 0.823545 0.72237 0.850672 0.717837 0.877626 0.712131 0.906508 0.712218 0.933424 0.703757 0.960196 0.693639 0.987345 0.681164 0.547298 0.710224 0.575544 0.718756 0.603297 0.725003 0.630912 0.729696 0.658535 0.733115 0.686206 0.735368 0.713923 0.736489 0.74166 0.736482 0.769384 0.735343 0.797056 0.733064 0.824638 0.729637 0.852095 0.725049 0.879393 0.719267 0.911775 0.729506 0.939622 0.720663 0.967304 0.710003 0.994973 0.697868 0.541578 0.727715 0.570881 0.736047 0.599544 0.742625 0.628059 0.747544 0.656536 0.751096 0.685023 0.753423 0.713532 0.754575 0.74205 0.754565 0.770551 0.753391 0.799001 0.751046 0.827371 0.747519 0.855635 0.742791 0.883774 0.736819 0.913138 0.734066 0.941219 0.725139 0.969072 0.7144 0.996538 0.7024 0.540624 0.73244 0.569709 0.740654 0.598561 0.747279 0.627303 0.752244 0.656 0.755828 0.684701 0.758174 0.713418 0.759336 0.742141 0.759326 0.770845 0.758144 0.7995 0.755781 0.828076 0.752228 0.85655 0.747464 0.884907 0.741443 </float_array>
          <technique_common>
            <accessor count="306" offset="0" source="#meshId3-tex0-array" stride="2">
              <param name="S" type="float" />
              <param name="T" type="float" />
            </accessor>
          </technique_common>
        </source>
        <vertices id="meshId3-vertices">
          <input semantic="POSITION" source="#meshId3-positions" />
        </vertices>
        <polylist count="544" material="defaultMaterial">
          <input offset="0" semantic="VERTEX" source="#meshId3-vertices" />
          <input offset="0" semantic="NORMAL" source="#meshId3-normals" />
          <input offset="0" semantic="TANGENT" source="#meshId3-tangents" />
          <input offset="0" semantic="BINORMAL" source="#meshId3-bitangents" />
          <input offset="0" semantic="TEXCOORD" source="#meshId3-tex0" set="0" />
          <vcount>3 3 3 3 3 3 3 3 3 3 3 3 3 3 3 3 3 3 3 3 3 3 3 3 3 3 3 3 3 3 3 3 3 3 3 3 3 3 3 3 3 3 3 3 3 3 3 3 3 3 3 3 3 3 3 3 3 3 3 3 3 3 3 3 3 3 3 3 3 3 3 3 3 3 3 3 3 3 3 3 3 3 3 3 3 3 3 3 3 3 3 3 3 3 3 3 3 3 3 3 3 3 3 3 3 3 3 3 3 3 3 3 3 3 3 3 3 3 3 3 3 3 3 3 3 3 3 3 3 3 3 3 3 3 3 3 3 3 3 3 3 3 3 3 3 3 3 3 3 3 3 3 3 3 3 3 3 3 3 3 3 3 3 3 3 3 3 3 3 3 3 3 3 3 3 3 3 3 3 3 3 3 3 3 3 3 3 3 3 3 3 3 3 3 3 3 3 3 3 3 3 3 3 3 3 3 3 3 3 3 3 3 3 3 3 3 3 3 3 3 3 3 3 3 3 3 3 3 3 3 3 3 3 3 3 3 3 3 3 3 3 3 3 3 3 3 3 3 3 3 3 3 3 3 3 3 3 3 3 3 3 3 3 3 3 3 3 3 3 3 3 3 3 3 3 3 3 3 3 3 3 3 3 3 3 3 3 3 3 3 3 3 3 3 3 3 3 3 3 3 3 3 3 3 3 3 3 3 3 3 3 3 3 3 3 3 3 3 3 3 3 3 3 3 3 3 3 3 3 3 3 3 3 3 3 3 3 3 3 3 3 3 3 3 3 3 3 3 3 3 3 3 3 3 3 3 3 3 3 3 3 3 3 3 3 3 3 3 3 3 3 3 3 3 3 3 3 3 3 3 3 3 3 3 3 3 3 3 3 3 3 3 3 3 3 3 3 3 3 3 3 3 3 3 3 3 3 3 3 3 3 3 3 3 3 3 3 3 3 3 3 3 3 3 3 3 3 3 3 3 3 3 3 3 3 3 3 3 3 3 3 3 3 3 3 3 3 3 3 3 3 3 3 3 3 3 3 3 3 3 3 3 3 3 3 3 3 3 3 3 3 3 3 3 3 3 3 3 3 3 3 3 3 3 3 3 3 3 3 3 3 3 3 3 3 3 3 3 3 3 3 3 3 3 3 3 3 3 3 3 3 3 3 3 3 3 3 3 3 3 3 3 3 3 3 3 3 3 3 3 3 3 3 3 3 3 3 3 3 3 3 3 3 3 </vcount>
          <p>0 1 2 2 3 0 4 5 1 1 0 4 6 7 5 5 4 6 8 9 7 7 6 8 10 11 9 9 8 10 12 13 11 11 10 12 14 15 16 16 17 14 18 19 15 15 14 18 20 21 19 19 18 20 22 23 21 21 20 22 24 25 23 23 22 24 26 27 25 25 24 26 28 29 27 27 26 28 30 31 29 29 28 30 32 33 31 31 30 32 3 2 33 33 32 3 34 20 18 18 35 34 35 18 14 14 36 35 36 14 17 17 37 36 38 12 10 10 39 38 39 10 8 8 40 39 40 8 6 6 41 40 41 6 4 4 42 41 42 4 0 0 43 42 43 0 3 3 44 43 44 3 32 32 45 44 45 32 30 30 46 45 46 30 28 28 47 46 47 28 26 26 48 47 48 26 24 24 49 48 49 24 22 22 50 49 50 22 20 20 34 50 51 34 35 35 52 51 52 35 36 36 53 52 53 36 37 37 54 53 55 38 39 39 56 55 56 39 40 40 57 56 57 40 41 41 58 57 58 41 42 42 59 58 59 42 43 43 60 59 60 43 44 44 61 60 61 44 45 45 62 61 62 45 46 46 63 62 63 46 47 47 64 63 64 47 48 48 65 64 65 48 49 49 66 65 66 49 50 50 67 66 67 50 34 34 51 67 68 51 52 52 69 68 69 52 53 53 70 69 70 53 54 54 71 70 72 55 56 56 73 72 73 56 57 57 74 73 74 57 58 58 75 74 75 58 59 59 76 75 76 59 60 60 77 76 77 60 61 61 78 77 78 61 62 62 79 78 79 62 63 63 80 79 80 63 64 64 81 80 81 64 65 65 82 81 82 65 66 66 83 82 83 66 67 67 84 83 84 67 51 51 68 84 85 68 69 69 86 85 86 69 70 70 87 86 87 70 71 71 88 87 89 72 73 73 90 89 90 73 74 74 91 90 91 74 75 75 92 91 92 75 76 76 93 92 93 76 77 77 94 93 94 77 78 78 95 94 95 78 79 79 96 95 96 79 80 80 97 96 97 80 81 81 98 97 98 81 82 82 99 98 99 82 83 83 100 99 100 83 84 84 101 100 101 84 68 68 85 101 102 85 86 86 103 102 103 86 87 87 104 103 104 87 88 88 105 104 106 89 90 90 107 106 107 90 91 91 108 107 108 91 92 92 109 108 109 92 93 93 110 109 110 93 94 94 111 110 111 94 95 95 112 111 112 95 96 96 113 112 113 96 97 97 114 113 114 97 98 98 115 114 115 98 99 99 116 115 116 99 100 100 117 116 117 100 101 101 118 117 118 101 85 85 102 118 119 102 103 103 120 119 120 103 104 104 121 120 121 104 105 105 122 121 123 106 107 107 124 123 124 107 108 108 125 124 125 108 109 109 126 125 126 109 110 110 127 126 127 110 111 111 128 127 128 111 112 112 129 128 129 112 113 113 130 129 130 113 114 114 131 130 131 114 115 115 132 131 132 115 116 116 133 132 133 116 117 117 134 133 134 117 118 118 135 134 135 118 102 102 119 135 136 119 120 120 137 136 137 120 121 121 138 137 138 121 122 122 139 138 140 123 124 124 141 140 141 124 125 125 142 141 142 125 126 126 143 142 143 126 127 127 144 143 144 127 128 128 145 144 145 128 129 129 146 145 146 129 130 130 147 146 147 130 131 131 148 147 148 131 132 132 149 148 149 132 133 133 150 149 150 133 134 134 151 150 151 134 135 135 152 151 152 135 119 119 136 152 153 136 137 137 154 153 154 137 138 138 155 154 155 138 139 139 156 155 157 140 141 141 158 157 158 141 142 142 159 158 159 142 143 143 160 159 160 143 144 144 161 160 161 144 145 145 162 161 162 145 146 146 163 162 163 146 147 147 164 163 164 147 148 148 165 164 165 148 149 149 166 165 166 149 150 150 167 166 167 150 151 151 168 167 168 151 152 152 169 168 169 152 136 136 153 169 170 153 154 154 171 170 171 154 155 155 172 171 172 155 156 156 173 172 174 157 158 158 175 174 175 158 159 159 176 175 176 159 160 160 177 176 177 160 161 161 178 177 178 161 162 162 179 178 179 162 163 163 180 179 180 163 164 164 181 180 181 164 165 165 182 181 182 165 166 166 183 182 183 166 167 167 184 183 184 167 168 168 185 184 185 168 169 169 186 185 186 169 153 153 170 186 187 170 171 171 188 187 188 171 172 172 189 188 189 172 173 173 190 189 191 174 175 175 192 191 192 175 176 176 193 192 193 176 177 177 194 193 194 177 178 178 195 194 195 178 179 179 196 195 196 179 180 180 197 196 197 180 181 181 198 197 198 181 182 182 199 198 199 182 183 183 200 199 200 183 184 184 201 200 201 184 185 185 202 201 202 185 186 186 203 202 203 186 170 170 187 203 204 187 188 188 205 204 205 188 189 189 206 205 206 189 190 190 207 206 208 191 192 192 209 208 209 192 193 193 210 209 210 193 194 194 211 210 211 194 195 195 212 211 212 195 196 196 213 212 213 196 197 197 214 213 214 197 198 198 215 214 215 198 199 199 216 215 216 199 200 200 217 216 217 200 201 201 218 217 218 201 202 202 219 218 219 202 203 203 220 219 220 203 187 187 204 220 221 204 205 205 222 221 222 205 206 206 223 222 223 206 207 207 224 223 225 208 209 209 226 225 226 209 210 210 227 226 227 210 211 211 228 227 228 211 212 212 229 228 229 212 213 213 230 229 230 213 214 214 231 230 231 214 215 215 232 231 232 215 216 216 233 232 233 216 217 217 234 233 234 217 218 218 235 234 235 218 219 219 236 235 236 219 220 220 237 236 237 220 204 204 221 237 238 221 222 222 239 238 239 222 223 223 240 239 240 223 224 224 241 240 242 225 226 226 243 242 243 226 227 227 244 243 244 227 228 228 245 244 245 228 229 229 246 245 246 229 230 230 247 246 247 230 231 231 248 247 248 231 232 232 249 248 249 232 233 233 250 249 250 233 234 234 251 250 251 234 235 235 252 251 252 235 236 236 253 252 253 236 237 237 254 253 254 237 221 221 238 254 255 238 239 239 256 255 256 239 240 240 257 256 257 240 241 241 258 257 259 242 243 243 260 259 260 243 244 244 261 260 261 244 245 245 262 261 262 245 246 246 263 262 263 246 247 247 264 263 264 247 248 248 265 264 265 248 249 249 266 265 266 249 250 250 267 266 267 250 251 251 268 267 268 251 252 252 269 268 269 252 253 253 270 269 270 253 254 254 271 270 271 254 238 238 255 271 272 255 256 256 273 272 273 256 257 257 274 273 274 257 258 258 275 274 276 259 260 260 277 276 277 260 261 261 278 277 278 261 262 262 279 278 279 262 263 263 280 279 280 263 264 264 281 280 281 264 265 265 282 281 282 265 266 266 283 282 283 266 267 267 284 283 284 267 268 268 285 284 285 268 269 269 286 285 286 269 270 270 287 286 287 270 271 271 288 287 288 271 255 255 272 288 289 272 273 273 290 289 290 273 274 274 291 290 291 274 275 275 292 291 293 276 277 277 294 293 294 277 278 278 295 294 295 278 279 279 296 295 296 279 280 280 297 296 297 280 281 281 298 297 298 281 282 282 299 298 299 282 283 283 300 299 300 283 284 284 301 300 301 284 285 285 302 301 302 285 286 286 303 302 303 286 287 287 304 303 304 287 288 288 305 304 305 288 272 272 289 305 </p>
        </polylist>
      </mesh>
    </geometry>
    <geometry id="meshId4" name="meshId4_name" >
      <mesh>
        <source id="meshId4-positions" name="meshId4-positions">
          <float_array id="meshId4-positions-array" count="912"> -0.144701 0.906718 -0.144701 -0.144701 0.906718 0.144701 -0.147647 0.907939 0.144701 -0.147647 0.907939 -0.144701 -0.147647 0.907939 -0.144701 -0.147647 0.907939 0.144701 -0.148868 0.910885 0.144701 -0.148868 0.910885 -0.144701 0.144701 0.910885 0.148868 -0.144701 0.910885 0.148868 -0.144701 0.907939 0.147647 0.144701 0.907939 0.147647 0.144701 0.907939 0.147647 -0.144701 0.907939 0.147647 0.144701 0.906718 0.144701 -0.148868 0.931613 0.144701 -0.148868 0.910885 0.144701 -0.147647 0.910885 0.147647 -0.147647 0.931613 0.147647 -0.147647 0.931613 0.147647 -0.147647 0.910885 0.147647 -0.144701 0.931613 0.148868 0.144701 0.931613 0.148868 0.144701 0.910885 0.148868 0.147647 0.910885 0.147647 0.147647 0.931613 0.147647 0.147647 0.931613 0.147647 0.147647 0.910885 0.147647 0.148868 0.910885 0.144701 0.148868 0.931613 0.144701 -0.144701 0.931613 -0.148868 -0.144701 0.910885 -0.148868 -0.147647 0.910885 -0.147647 -0.147647 0.931613 -0.147647 -0.147647 0.931613 -0.147647 -0.147647 0.910885 -0.147647 -0.148868 0.910885 -0.144701 -0.148868 0.931613 -0.144701 0.144701 0.906718 -0.144701 -0.144701 0.907939 -0.147647 0.147647 0.907939 -0.147647 0.147647 0.907939 -0.147647 -0.144701 0.907939 -0.147647 0.148868 0.910885 -0.148868 -0.177084 0.974449 0.172917 -0.177084 0.935612 0.173085 -0.175913 0.935612 0.175913 -0.175864 0.974449 0.175864 -0.175864 0.974449 0.175864 -0.175913 0.935612 0.175913 -0.173085 0.935612 0.177084 -0.172917 0.974449 0.177084 -0.172762 0.931613 -0.168439 -0.17284 0.931613 0.168595 -0.175863 0.932784 0.171754 -0.175848 0.932784 -0.171701 -0.175848 0.932784 -0.171701 -0.175863 0.932784 0.171754 -0.177084 0.935612 0.173085 -0.177084 0.935612 -0.173085 0.173085 0.935612 0.177084 -0.171701 0.932784 0.175848 0.171754 0.932784 0.175863 0.171754 0.932784 0.175863 -0.171701 0.932784 0.175848 -0.168439 0.931613 0.172762 0.168595 0.931613 0.17284 0.172917 0.974449 0.177084 0.173085 0.935612 0.177084 0.175913 0.935612 0.175913 0.175864 0.974449 0.175864 0.175864 0.974449 0.175864 0.175913 0.935612 0.175913 0.177084 0.935612 0.173085 0.177084 0.974449 0.172917 -0.173085 0.935612 -0.177084 0.177084 0.93578 -0.177084 0.175864 0.932834 -0.175864 -0.171754 0.932784 -0.175863 -0.171754 0.932784 -0.175863 0.175864 0.932834 -0.175864 0.172917 0.931613 -0.172917 -0.168595 0.931613 -0.17284 -0.172917 0.974449 -0.177084 -0.175913 0.935612 -0.175913 -0.175864 0.974449 -0.175864 -0.175864 0.974449 -0.175864 -0.175913 0.935612 -0.175913 -0.177084 0.935612 -0.173085 -0.177084 0.974449 -0.172917 -0.205227 0.995833 0.20106 -0.205227 0.984735 0.201231 -0.204057 0.984735 0.204057 -0.204006 0.995833 0.204006 -0.204006 0.995833 0.204006 -0.204057 0.984735 0.204057 -0.201231 0.984735 0.205227 -0.20106 0.995833 0.205227 -0.201429 0.980232 -0.197099 -0.201501 0.980249 0.197252 -0.204199 0.981919 0.200101 -0.204187 0.981919 -0.200051 -0.204187 0.981919 -0.200051 -0.204199 0.981919 0.200101 -0.205227 0.984735 0.201231 -0.205227 0.984735 -0.201231 0.201231 0.984735 0.205227 -0.200051 0.981919 0.204187 0.200101 0.981919 0.204199 0.200101 0.981919 0.204199 -0.200051 0.981919 0.204187 -0.197099 0.980232 0.201429 0.197252 0.980249 0.201501 0.20106 0.995833 0.205227 0.201231 0.984735 0.205227 0.204057 0.984734 0.204057 0.204006 0.995833 0.204006 0.204006 0.995833 0.204006 0.204057 0.984734 0.204057 0.205227 0.984735 0.201231 0.205227 0.995833 0.20106 -0.201231 0.984735 -0.205227 0.205227 0.984889 -0.205227 0.204192 0.981951 -0.204192 -0.200101 0.981919 -0.204199 -0.200101 0.981919 -0.204199 0.204192 0.981951 -0.204192 0.201573 0.980266 -0.201573 -0.197252 0.980249 -0.201501 -0.20106 0.995833 -0.205227 -0.204057 0.984734 -0.204057 -0.204006 0.995833 -0.204006 -0.204006 0.995833 -0.204006 -0.204057 0.984734 -0.204057 -0.205227 0.984735 -0.201231 -0.205227 0.995833 -0.20106 -0.205227 0.995833 -0.20106 -0.205227 0.995833 0.20106 -0.204006 0.998779 0.201046 -0.204006 0.998779 -0.201046 -0.204006 0.998779 -0.201046 -0.204006 0.998779 0.201046 -0.20106 1 0.20106 -0.20106 1 -0.20106 0.20106 1 0.20106 -0.20106 1 0.20106 -0.201046 0.998779 0.204006 0.201046 0.998779 0.204006 0.201046 0.998779 0.204006 -0.201046 0.998779 0.204006 0.20106 0.995833 0.205227 0.20106 1 -0.20106 0.20106 1 0.20106 0.204006 0.998779 0.201046 0.204006 0.998779 -0.204006 0.204006 0.998779 -0.204006 0.204006 0.998779 0.201046 0.205227 0.995833 -0.205227 0.144701 0.931613 0.148868 -0.20106 1 -0.20106 -0.20106 1 0.20106 0.20106 1 0.20106 0.20106 1 -0.20106 0.148868 0.931613 -0.148868 0.148868 0.910885 -0.148868 0.148868 0.931613 -0.148868 -0.148868 0.931613 -0.144701 -0.148868 0.931613 0.144701 -0.144701 0.931613 0.148868 0.144701 0.931613 0.148868 0.172762 0.931613 0.168439 0.148868 0.931613 0.144701 0.148868 0.931613 -0.148868 0.172917 0.931613 -0.172917 0.148868 0.931613 -0.148868 -0.144701 0.931613 -0.148868 -0.148868 0.931613 -0.144701 -0.148868 0.931613 0.144701 0.172917 0.974449 0.177084 0.177084 0.93578 -0.177084 0.177084 0.974449 -0.177084 0.177084 0.974449 -0.177084 -0.177084 0.974449 -0.172917 -0.177084 0.974449 0.172917 -0.172917 0.974449 0.177084 0.172917 0.974449 0.177084 0.201429 0.980232 0.197099 0.177084 0.974449 0.172917 0.177084 0.974449 -0.177084 0.201573 0.980266 -0.201573 0.177084 0.974449 -0.177084 -0.172917 0.974449 -0.177084 -0.177084 0.974449 -0.172917 -0.177084 0.974449 0.172917 0.205227 0.984889 -0.205227 0.205227 0.995833 -0.205227 0.147647 0.907939 0.144701 0.147647 0.907939 -0.147647 0.147647 0.907939 -0.147647 0.147647 0.907939 0.144701 -0.17284 0.931613 0.168595 -0.148868 0.931613 0.144701 -0.147647 0.931613 0.147647 -0.171551 0.931613 0.171541 0.168595 0.931613 0.17284 0.144701 0.931613 0.148868 0.147647 0.931613 0.147647 0.171541 0.931613 0.171551 -0.147647 0.931613 -0.147647 -0.171541 0.931613 -0.171551 -0.148868 0.931613 -0.144701 -0.172762 0.931613 -0.168439 0.175848 0.932784 0.171701 0.175864 0.932834 -0.175864 0.175864 0.932834 -0.175864 0.175848 0.932784 0.171701 -0.201501 0.980249 0.197252 -0.177084 0.974449 0.172917 -0.175864 0.974449 0.175864 -0.200212 0.98024 0.200206 0.197252 0.980249 0.201501 0.172917 0.974449 0.177084 0.175864 0.974449 0.175864 0.200205 0.98024 0.200212 -0.175864 0.974449 -0.175864 -0.200206 0.98024 -0.200211 -0.177084 0.974449 -0.172917 -0.201429 0.980232 -0.197099 0.204187 0.981919 0.200051 0.204192 0.981951 -0.204192 0.204192 0.981951 -0.204192 0.204187 0.981919 0.200051 -0.20106 1 -0.20106 0.20106 1 -0.20106 0.204006 0.998779 -0.204006 -0.201046 0.998779 -0.204006 -0.201046 0.998779 -0.204006 0.204006 0.998779 -0.204006 -0.147106 0.90848 0.147106 -0.147647 0.907939 0.144701 -0.147106 0.90848 0.147106 -0.147106 0.90848 0.147106 0.147106 0.90848 0.147106 0.147106 0.90848 0.147106 0.147106 0.90848 0.147106 0.144701 0.907939 0.147647 -0.147106 0.90848 -0.147106 -0.147106 0.90848 -0.147106 -0.147647 0.907939 -0.144701 -0.147106 0.90848 -0.147106 -0.174641 0.932785 0.174641 -0.175913 0.935612 0.175913 -0.174641 0.932785 0.174641 -0.175913 0.935612 0.175913 -0.177084 0.935612 0.173085 -0.175863 0.932784 0.171754 -0.174641 0.932785 0.174641 -0.175863 0.932784 0.171754 0.174641 0.932784 0.174641 0.175913 0.935612 0.175913 0.174641 0.932784 0.174641 0.175913 0.935612 0.175913 0.173085 0.935612 0.177084 0.171754 0.932784 0.175863 0.174641 0.932784 0.174641 0.171754 0.932784 0.175863 -0.174641 0.932784 -0.174641 -0.175848 0.932784 -0.171701 -0.177084 0.935612 -0.173085 -0.175913 0.935612 -0.175913 -0.174641 0.932784 -0.174641 -0.175913 0.935612 -0.175913 -0.174641 0.932784 -0.174641 -0.175848 0.932784 -0.171701 -0.20298 0.981915 0.202981 -0.20298 0.981915 0.202981 -0.204199 0.981919 0.200101 -0.20298 0.981915 0.202981 -0.204199 0.981919 0.200101 0.202981 0.981915 0.20298 0.202981 0.981915 0.20298 0.200101 0.981919 0.204199 0.202981 0.981915 0.20298 0.200101 0.981919 0.204199 -0.202981 0.981915 -0.20298 -0.204187 0.981919 -0.200051 -0.202981 0.981915 -0.20298 -0.202981 0.981915 -0.20298 -0.204187 0.981919 -0.200051 -0.20346 0.998238 0.20346 -0.204006 0.998779 0.201046 -0.20346 0.998238 0.20346 -0.204006 0.998779 0.201046 -0.20346 0.998238 0.20346 0.20346 0.998238 0.20346 0.20346 0.998238 0.20346 0.201046 0.998779 0.204006 0.20346 0.998238 0.20346 0.201046 0.998779 0.204006 -0.20346 0.998238 -0.20346 -0.204006 0.998779 -0.201046 -0.20346 0.998238 -0.20346 -0.204006 0.998779 -0.201046 -0.20346 0.998238 -0.20346 </float_array>
          <technique_common>
            <accessor count="304" offset="0" source="#meshId4-positions-array" stride="3">
              <param name="X" type="float" />
              <param name="Y" type="float" />
              <param name="Z" type="float" />
            </accessor>
          </technique_common>
        </source>
        <source id="meshId4-normals" name="meshId4-normals">
          <float_array id="meshId4-normals-array" count="912"> -0.00416061 -0.999983 -0.00418171 -0.00416082 -0.999983 0.00416079 -0.382416 -0.923987 0.00258448 -0.382416 -0.923987 -0.00258464 -0.92399 -0.382408 -0.00258486 -0.92399 -0.382407 0.00258483 -0.998674 -0.0513253 0.0039914 -0.998674 -0.0513253 -0.0039914 0.00399142 -0.0513254 0.998674 -0.00399141 -0.0513254 0.998674 -0.00258475 -0.382393 0.923996 0.00258481 -0.382393 0.923996 0.00258452 -0.923988 0.382414 -0.00258455 -0.923988 0.382414 0.00418165 -0.999983 0.00416058 -0.999991 0 0.004175 -0.998674 -0.0513253 0.0039914 -0.924893 -0.0328699 0.378804 -0.92388 0 0.382683 -0.382684 0 0.92388 -0.378804 -0.0328693 0.924893 -0.00417503 0 0.999991 0.00417503 0 0.999991 0.00399142 -0.0513254 0.998674 0.378804 -0.0328699 0.924893 0.382684 0 0.92388 0.92388 0 0.382683 0.924893 -0.0328704 0.378804 0.998679 -0.0512357 0.00393632 0.999991 0 0.00411632 -0.00411633 0 -0.999992 -0.0039363 -0.0512346 -0.998679 -0.378804 -0.0328699 -0.924893 -0.382684 0 -0.92388 -0.92388 0 -0.382683 -0.924893 -0.0328704 -0.378804 -0.998674 -0.0513253 -0.0039914 -0.999991 0 -0.004175 0.00606881 -0.999963 -0.0060689 -0.00257153 -0.923983 -0.382424 0 -0.923868 -0.382712 0 -0.382677 -0.923882 -0.00255363 -0.382391 -0.923997 0 -0.0406296 -0.999174 -0.999994 1.47459e-05 0.00340998 -0.999742 -0.0224192 0.00353927 -0.923881 0.00165389 0.382677 -0.923881 0.00165389 0.382677 -0.382683 0.0016541 0.923878 -0.382683 0.0016541 0.923878 -0.00354364 -0.022186 0.999748 -0.00341003 1.47394e-05 0.999994 -0.10907 -0.994034 -0.000203927 -0.109117 -0.994029 0.000188738 -0.355182 -0.934792 0.00310954 -0.355107 -0.934821 -0.00314862 -0.916753 -0.399449 -0.0021175 -0.916756 -0.399442 0.00213037 -0.999742 -0.0224192 0.00353927 -0.999748 -0.0221861 -0.00354383 0.00353954 -0.0224191 0.999742 -0.0021176 -0.399466 0.916746 0.00213063 -0.399459 0.916748 0.00310874 -0.93479 0.355187 -0.00315062 -0.934819 0.355112 -0.00020389 -0.994033 0.109075 0.00018884 -0.994028 0.109122 0.00340997 1.47386e-05 0.999994 0.00353954 -0.0224191 0.999742 0.382677 0.00165401 0.923881 0.382677 0.00165401 0.923881 0.923882 0.0016541 0.382674 0.923882 0.0016541 0.382674 0.999747 -0.022212 0.00350054 0.999994 1.50676e-05 0.00337778 -0.00349735 -0.0223071 -0.999745 7.02333e-06 -0.0227736 -0.999741 0.000120112 -0.389471 -0.921039 -0.00197228 -0.390363 -0.920659 -0.00314724 -0.929528 -0.368738 2.39907e-05 -0.92825 -0.371957 0.0567995 -0.996767 -0.0568198 -0.000194541 -0.993735 -0.111759 -0.00337779 1.45995e-05 -0.999994 -0.382677 0.00165401 -0.923881 -0.382677 0.00165401 -0.923881 -0.923882 0.0016541 -0.382674 -0.923882 0.0016541 -0.382674 -0.999748 -0.0221861 -0.00354383 -0.999994 1.4748e-05 -0.00340999 -0.996328 0.0855749 0.00269804 -0.998149 -0.0607236 0.00321495 -0.920288 -0.085075 0.381881 -0.924658 0.0628271 0.37558 -0.375571 0.0628245 0.924662 -0.381011 -0.0862683 0.920537 -0.00322679 -0.0601667 0.998183 -0.00269802 0.0855749 0.996328 -0.314537 -0.949244 -0.00158505 -0.314534 -0.949245 0.00155665 -0.521382 -0.853316 0.00367674 -0.52129 -0.853371 -0.0037542 -0.938419 -0.345495 -0.00193803 -0.938421 -0.345489 0.00195831 -0.998149 -0.0607236 0.00321495 -0.998183 -0.0601649 -0.00322675 0.00321513 -0.0607252 0.998149 -0.0019382 -0.345495 0.938419 0.00195847 -0.345488 0.938421 0.00367579 -0.853314 0.521385 -0.0037555 -0.85337 0.521292 -0.0015854 -0.949244 0.314538 0.00155652 -0.949244 0.314535 0.00269807 0.0855749 0.996328 0.00321513 -0.0607252 0.998149 0.381882 -0.0850783 0.920287 0.375578 0.0628245 0.924659 0.924659 0.0628267 0.375578 0.920539 -0.086275 0.381004 0.998163 -0.0605052 0.00318735 0.996295 0.0859637 0.00268644 -0.00317805 -0.0607162 -0.99815 1.54873e-05 -0.0613997 -0.998113 8.5123e-05 -0.337473 -0.941335 -0.00183225 -0.338198 -0.941073 -0.00373218 -0.84752 -0.530751 8.04791e-06 -0.845616 -0.533792 0.163303 -0.972998 -0.163115 -0.00155244 -0.948738 -0.31606 -0.00268649 0.0859632 -0.996295 -0.381883 -0.085084 -0.920286 -0.375578 0.0628245 -0.924659 -0.924659 0.0628267 -0.375578 -0.920541 -0.0862686 -0.381001 -0.998183 -0.0601649 -0.00322675 -0.996328 0.0855749 -0.00269805 -0.996328 0.0855749 -0.00269805 -0.996328 0.0855749 0.00269804 -0.923968 0.382466 0.00186146 -0.923968 0.382466 -0.00186147 -0.382489 0.923958 -0.00185968 -0.382489 0.923958 0.00185963 -0.00299807 0.999991 0.00299843 -0.00299799 0.999991 -0.00300934 0.00300897 0.999991 0.00299835 -0.00299807 0.999991 0.00299843 -0.00186019 0.923942 0.382529 0.00186017 0.923942 0.382529 0.00186132 0.382467 0.923967 -0.00186133 0.382467 0.923967 0.00269807 0.0855749 0.996328 0.00439772 0.999981 -0.00439825 0.00300897 0.999991 0.00299835 0.382497 0.923955 0.00185324 0.382701 0.923872 3.04752e-07 0.923879 0.382685 -2.21113e-07 0.923958 0.382489 0.00184498 0.99753 0.0702369 -4.05825e-08 0.00417503 0 0.999991 -0.00299799 0.999991 -0.00300934 -0.00299807 0.999991 0.00299843 0.00300897 0.999991 0.00299835 0.00439772 0.999981 -0.00439825 0 0 -1 0.999174 -0.0406304 0 1 0 0 -0.999991 0 -0.004175 -0.999991 0 0.004175 0 -1 5.82169e-06 0 -1 5.82214e-06 0.11151 -0.993763 0.000194622 0 -1 0 0 -1 2.06005e-07 0.0567995 -0.996767 -0.0568198 0 -1 2.06005e-07 0 -1 4.08925e-07 0 -1 0 0 -1 0 0.00340997 1.47386e-05 0.999994 0.999737 -0.0229171 -5.87235e-06 1 4.71011e-07 0 0 0 -1 -0.999994 1.4748e-05 -0.00340999 -0.999994 1.47459e-05 0.00340998 -0.000390393 -0.97302 0.230719 0.000389271 -0.97302 0.230719 0.316011 -0.948754 0.00156973 0.230722 -0.97302 0.00038575 0.117019 -0.986188 -0.117217 0.163303 -0.972998 -0.163115 0.117019 -0.986188 -0.117217 -0.00038362 -0.973018 -0.230729 -0.230717 -0.973021 -0.000389875 -0.230717 -0.973021 0.00038973 0.998091 -0.0617568 -1.30488e-05 2.08687e-08 0.0702367 -0.99753 0.923987 -0.382416 0.0025537 0.923872 -0.382702 0 0.382706 -0.92387 0 0.382418 -0.923986 0.00257165 -0.109117 -0.994029 0.000188738 0 -1 0 0 -1 0 -0.0325093 -0.998896 0.0339221 0.00018884 -0.994028 0.109122 0 -1 5.82214e-06 0 -1 0 0.033917 -0.998896 0.0325001 0 -1 0 -0.0339165 -0.998896 -0.0324965 0 -1 0 -0.10907 -0.994034 -0.000203927 0.919772 -0.392449 0.00193746 0.920151 -0.391564 -0.000100333 0.368559 -0.929604 2.50284e-05 0.365371 -0.930857 0.00311378 -0.314534 -0.949245 0.00155665 -0.230717 -0.973021 0.00038973 -0.116752 -0.986151 0.117795 -0.14376 -0.978931 0.145005 0.00155652 -0.949244 0.314535 0.000389271 -0.97302 0.230719 0.117817 -0.986146 0.116767 0.14502 -0.978927 0.143775 -0.117817 -0.986146 -0.116767 -0.145018 -0.978928 -0.143769 -0.230717 -0.973021 -0.000389875 -0.314537 -0.949244 -0.00158505 0.940454 -0.339916 0.00179742 0.940716 -0.339195 -7.16697e-05 0.531359 -0.847147 2.78739e-05 0.528294 -0.849053 0.00374312 -0.00299799 0.999991 -0.00300934 0.00439772 0.999981 -0.00439825 5.71398e-08 0.923856 -0.382741 -0.00185336 0.923939 -0.382536 -0.00184494 0.382485 -0.92396 1.13702e-07 0.382682 -0.92388 -0.88792 -0.325276 0.325258 -0.92399 -0.382407 0.00258483 -0.325255 -0.887932 0.325247 -0.325245 -0.325254 0.887933 0.325253 -0.887925 0.325269 0.88792 -0.325277 0.325258 0.32525 -0.325258 0.88793 0.00258481 -0.382393 0.923996 -0.325253 -0.887925 -0.325269 -0.88792 -0.325277 -0.325258 -0.92399 -0.382408 -0.00258486 -0.32525 -0.325258 -0.88793 -0.328468 -0.507549 0.796557 -0.328468 -0.507549 0.796557 -0.796343 -0.504585 0.333515 -0.796343 -0.504585 0.333515 -0.999742 -0.0224192 0.00353927 -0.916756 -0.399442 0.00213037 -0.179659 -0.966051 0.185656 -0.355182 -0.934792 0.00310954 0.796539 -0.507598 0.328436 0.796539 -0.507598 0.328436 0.333475 -0.504604 0.796347 0.333475 -0.504604 0.796347 0.00353954 -0.0224191 0.999742 0.00213063 -0.399459 0.916748 0.185643 -0.966062 0.179612 0.00310874 -0.93479 0.355187 -0.796549 -0.507584 -0.328433 -0.916753 -0.399449 -0.0021175 -0.999748 -0.0221861 -0.00354383 -0.796549 -0.507584 -0.328433 -0.33349 -0.50462 -0.796331 -0.33349 -0.50462 -0.796331 -0.18563 -0.966064 -0.179618 -0.355107 -0.934821 -0.00314862 -0.341125 -0.447088 0.826889 -0.826548 -0.444146 0.345764 -0.938421 -0.345489 0.00195831 -0.27414 -0.919542 0.281584 -0.521382 -0.853316 0.00367674 0.826912 -0.447079 0.341082 0.345759 -0.444121 0.826563 0.00195847 -0.345488 0.938421 0.281574 -0.919539 0.274161 0.00367579 -0.853314 0.521385 -0.82692 -0.447072 -0.341072 -0.938419 -0.345495 -0.00193803 -0.345763 -0.44413 -0.826557 -0.28156 -0.919549 -0.27414 -0.52129 -0.853371 -0.0037542 -0.325777 0.887584 0.325674 -0.382489 0.923958 0.00185963 -0.887179 0.326994 0.325559 -0.923968 0.382466 0.00186146 -0.325531 0.326982 0.887194 0.887179 0.326995 0.325559 0.325775 0.887581 0.325685 0.00186017 0.923942 0.382529 0.325531 0.326982 0.887194 0.00186132 0.382467 0.923967 -0.887179 0.326995 -0.325559 -0.923968 0.382466 -0.00186147 -0.325775 0.887581 -0.325685 -0.382489 0.923958 -0.00185968 -0.325531 0.326982 -0.887194 </float_array>
          <technique_common>
            <accessor count="304" offset="0" source="#meshId4-normals-array" stride="3">
              <param name="X" type="float" />
              <param name="Y" type="float" />
              <param name="Z" type="float" />
            </accessor>
          </technique_common>
        </source>
        <source id="meshId4-tangents" name="meshId4-tangents">
          <float_array id="meshId4-tangents-array" count="912"> 0.0258055 0.00407298 -0.999659 0.00296657 -0.00417313 -0.999987 0.0563357 -0.0261077 -0.998071 -0.0289109 0.0147613 -0.999473 -0.00574701 0.00712703 0.999958 -0.000970411 0.00910382 0.999958 0.00354851 0.00871721 0.999956 -0.00442349 0.00830765 0.999956 0.999835 0.0178964 -0.0030763 0.995865 -0.0908406 -0.000688456 0.999772 -0.0205887 -0.00572385 0.999839 0.0173915 0.00440043 0.0417524 -0.381982 -0.923226 -0.0107924 -0.382367 -0.923948 0.0298032 -0.00403413 -0.999548 0.00352227 -0.536895 0.843642 0.0229403 -0.374273 0.927035 0.36751 -0.332787 0.868441 0.325697 -0.525022 0.786303 0.88753 -0.277743 0.367627 0.907179 -0.210933 0.364052 0.989299 -0.145844 0.00413034 0.832382 -0.554192 -0.00347518 0.914358 -0.404169 -0.0244261 0.85848 -0.360838 -0.364428 0.776924 -0.541135 -0.321812 0.364158 -0.30736 -0.879158 0.360765 -0.238796 -0.901568 -0.00228698 -0.120842 -0.992669 0.00405082 -0.177757 -0.984066 -0.984553 0.175039 0.00405278 -0.993815 0.111031 -0.00177904 -0.902581 0.23404 0.361348 -0.874558 0.322366 0.362254 -0.320434 0.546689 0.773598 -0.367651 0.331421 0.868903 -0.024021 0.396008 0.917933 -0.00334517 0.598363 0.801218 -0.00505224 0.00603828 -0.999969 0.036758 0.38208 -0.923398 -0.040094 0.382405 -0.923125 -0.999974 0.00669263 -0.00277213 -0.999068 0.0407881 -0.0141188 -0.999975 0.00703627 -0.000286117 0.00286072 -0.540636 0.841252 0.0134544 -0.4598 0.88792 0.344676 -0.430865 0.833999 0.327179 -0.515267 0.79212 0.880833 -0.301033 0.365392 0.888251 -0.27437 0.368417 0.991406 -0.130816 0.000611055 0.987953 -0.154715 0.00337124 -0.00852209 0.000729942 0.999963 -0.00848058 0.0011208 0.999963 -0.00709155 0.0060208 0.999957 -0.00931421 0.00017015 0.999957 -0.00543374 0.00716982 0.99996 -0.00153956 0.00886657 0.999959 0.00334843 0.00854423 0.999958 -0.00373071 0.00838772 0.999958 0.999803 0.019579 -0.0031007 0.999927 0.0100639 0.006695 0.999824 0.0179591 0.0055017 0.999819 0.00957465 0.016448 0.990065 0.0470039 0.13252 0.996762 0.00856866 0.0799519 0.999832 0.0021848 0.0181718 0.829619 -0.558322 -0.00282074 0.875663 -0.482723 -0.0139252 0.82389 -0.4531 -0.340449 0.782322 -0.532528 -0.323089 0.361688 -0.330404 -0.871788 0.365308 -0.301665 -0.880652 -9.21168e-05 -0.15972 -0.987162 0.00332125 -0.186605 -0.982429 -0.988361 0.152129 6.31352e-05 -0.999969 0.00787489 -0.000186411 -0.999967 0.00738423 -0.0032529 -0.999878 0.0150242 -0.0042283 -0.993377 -0.0394467 0.107917 -0.999967 0.00299571 -0.00754054 -0.998355 -0.0562574 -0.0110974 -0.998498 -0.00592976 0.0544644 -0.984062 0.177797 0.00332654 -0.883053 0.293341 0.366291 -0.874136 0.323064 0.36265 -0.324646 0.526038 0.786059 -0.343395 0.437738 0.830943 -0.0136845 0.476207 0.879227 -0.00281648 0.560165 0.828376 0.0231344 0.238741 0.970808 0.0216821 -0.30601 0.951781 0.391055 -0.169824 0.904564 0.380524 0.18987 0.905069 0.926446 0.052784 0.37271 0.924465 -0.0204952 0.380716 0.999859 0.0162426 0.00421125 0.999792 0.0203554 0.000959085 -0.00862484 0.00118815 0.999962 -0.00763592 0.00417 0.999962 -0.00553591 0.00769106 0.999955 -0.00941026 0.00134929 0.999955 -0.00483151 0.00751393 0.99996 -0.0011752 0.00886009 0.99996 0.0026897 0.00872959 0.999958 -0.00373522 0.00834069 0.999958 0.999767 0.0214774 -0.0019137 0.99778 0.0618001 0.0248135 0.999761 0.0210988 0.00568125 0.999755 0.0145195 0.0167147 0.972147 0.119047 0.201887 0.993664 0.0338514 0.107169 0.99977 0.00820622 0.0198183 0.977715 0.208926 -0.0205924 0.941797 -0.335365 -0.0234365 0.898374 -0.199627 -0.391245 0.91075 0.159802 -0.380786 0.374973 0.021621 -0.926784 0.377956 -0.0499121 -0.924477 0.00226511 -0.0153043 -0.99988 0.00372794 -0.0119576 -0.999922 -0.9999 0.0139702 0.00233384 -0.999988 0.00496288 -0.000320812 -0.999987 0.0047688 -0.00180006 -0.999205 -0.0368564 0.0151907 -0.97822 -0.107058 0.177833 -0.999987 0.00273429 -0.00434666 -0.986562 -0.160186 -0.0321754 -0.995976 -0.0268536 0.0855003 -0.99994 0.0103202 0.00358677 -0.924206 0.0383475 0.379965 -0.926762 -0.0332703 0.374172 -0.380624 -0.12277 0.916544 -0.390333 0.242156 0.888257 -0.0220511 0.314958 0.94885 -0.0228713 -0.235653 0.971568 -0.00196052 0.0087013 0.99996 0.00341556 0.00823938 0.99996 0.00505501 0.00734518 0.99996 0.00161527 0.00876902 0.99996 0.00734568 0.00505353 0.99996 0.00876814 0.00161714 0.99996 0.00807523 -0.00297413 0.999963 0.00805713 0.00303341 0.999963 0.999794 -0.00294821 -0.0200677 0.965124 0.00210859 0.261784 0.98861 -0.0558684 0.139749 0.999763 0.00657609 -0.0207452 0.999763 0.0193371 -0.0100184 0.999171 -0.0368578 0.0172697 0.999772 0.0208589 -0.00449898 0.0097593 -0.004441 -0.999942 0.290642 0.0019944 -0.95683 0.168093 -0.067614 -0.98345 0.00976063 -0.00404287 -0.999944 0.00403528 -0.00974254 -0.999944 0.0295574 -0.0665895 -0.997343 0.000723654 -0.0102782 -0.999947 0.999815 0.0187733 -0.00417429 0.999996 0.00299798 -9.02202e-06 0.999995 0.00299806 8.98955e-06 0.999995 -0.00300896 -9.022e-06 0.99999 -0.00439767 1.93425e-05 -0.999973 0.00728791 0 -0.000533364 -0.0131164 -0.999914 0 -0.0133737 -0.999911 -0.00417483 0.00878298 0.999953 0.00417483 0.00878259 0.999953 0.999228 2.28772e-07 0.0392965 0.999823 1.09569e-07 0.0188194 0.047468 0.00513073 -0.99886 0.00642214 0 -0.999979 -0.0129087 -2.05988e-07 -0.999917 -0.015549 0.0560216 -0.998308 -0.999965 -1.72948e-09 -0.00839533 -0.999968 3.28381e-09 0.00803034 -0.00878254 0 0.999961 -0.00878255 0 0.999961 0.999767 0.0213157 -0.00340951 -0.000277866 -0.0118654 -0.99993 5.50219e-09 -0.0116817 -0.999932 -0.999967 0.00807899 0 -0.00340973 0.00874381 0.999956 0.00340998 0.00874452 0.999956 0.999373 0.00778873 0.0345388 0.999761 0.00542349 0.0211859 0.0748856 0.0232935 -0.99692 0.00254946 0.000208082 -0.999997 -0.0243965 0.115138 -0.99305 -0.0369407 0.159188 -0.986557 -0.993108 -0.115422 -0.0203463 -0.999982 -0.00101187 0.00592981 -0.00859868 0.0016382 0.999962 -0.0084175 0.00239643 0.999962 -0.000654041 -0.0103591 -0.999946 -0.999988 0.00495374 0.000348774 -0.0174531 -0.0488388 -0.998654 -0.00521697 -0.0125942 -0.999907 0.0163542 0.00677462 -0.999843 -0.0250213 -0.0131379 -0.999601 0.973687 -0.106846 0.201291 0.952269 0 0.305259 0.982071 0 0.18851 0.985651 -0.0264165 0.166719 0.166184 -0.107574 -0.98021 0.259269 -5.62305e-06 -0.965805 0.14784 0 -0.989011 0.133978 -0.0276809 -0.990598 -0.98735 0 0.158559 -0.989039 0.028871 0.144802 -0.965801 0 0.259284 -0.981499 0.107662 0.158333 -0.00619552 -0.0194561 -0.999791 -0.00513396 -0.0118083 -0.999917 -0.0119845 -0.0047784 -0.999917 0.0999023 0.0358865 -0.99435 0.900518 -0.297869 0.316768 0.912697 -0.216275 0.346712 0.974221 -0.0906643 0.206577 0.962026 -0.103889 0.252414 0.282459 -0.30131 -0.91073 0.300815 -0.219919 -0.92798 0.166651 -0.0962832 -0.981304 0.220582 -0.109667 -0.969183 -0.977302 0.0942973 0.189708 -0.964814 0.1077 0.239862 -0.922595 0.218633 0.317834 -0.910756 0.301312 0.282374 0.0128435 0.0302495 -0.99946 -0.00365807 -0.00993394 -0.999944 -0.00898357 -0.0056677 -0.999944 0.169836 0.101353 -0.980247 -0.958226 -0.00201209 0.286005 -0.999979 0.00441875 0.00478418 -0.999987 0.00198637 0.00479453 -0.984365 0.0656907 0.163432 -0.997711 0.0617589 0.0275581 -0.999987 0.00472298 0.00195619 0.429651 -0.333882 0.839001 0.191099 -0.455867 0.869291 -0.00875217 -0.341107 -0.939984 0.942651 -0.185982 0.277162 0.0398168 -0.330807 -0.942858 0.266452 -0.21269 -0.940088 0.824729 -0.361819 -0.434637 0.8532 -0.481095 -0.201486 0.0349246 0.332458 -0.942471 -0.432272 0.348252 0.831782 -0.196569 0.46914 0.86097 -0.941085 0.203272 0.27026 0.944318 -0.193686 0.265986 0.939426 -0.262987 0.219811 0.583909 -0.497521 0.641501 0.575664 -0.46308 0.67392 0.0166054 -0.616179 0.787431 0.305418 -0.697505 0.648233 0.959028 -0.129974 0.251738 0.868481 -0.328752 0.371029 0.249421 -0.218964 -0.943315 0.201917 -0.288702 -0.935885 0.619056 -0.519869 -0.588648 0.648485 -0.490344 -0.582263 0.762662 -0.646569 -0.0171994 0.62664 -0.713898 -0.312527 0.21901 -0.137511 -0.965984 0.335858 -0.33358 -0.880865 -0.5857 0.513204 0.627357 -0.310054 0.708226 0.634257 -0.0168591 0.636542 0.771058 -0.578418 0.481768 0.65828 -0.941902 0.21424 0.258693 -0.935424 0.282239 0.21289 -0.962641 0.142118 0.230488 -0.87755 0.332187 0.345771 0.926907 -0.0135772 0.375046 0.50143 -0.301956 0.810796 0.201759 -0.543401 0.814867 0.899934 -0.142058 0.412236 0.672892 -0.408484 0.616731 0.361523 -0.0419234 -0.93142 0.796285 -0.327108 -0.508852 0.800107 -0.562376 -0.208714 0.382485 -0.15448 -0.910956 0.588363 -0.419746 -0.691117 -0.505423 0.325059 0.799302 -0.207499 0.559099 0.802716 -0.928924 0.0376608 0.368349 -0.90453 0.159006 0.395655 -0.688966 0.418257 0.591934 0.846107 0.12 0.519329 0.70849 0.291999 0.642478 0.413937 0.252245 0.874659 0.176036 0.420941 0.889843 0.94236 0.0354053 0.332723 0.342668 0.00561082 -0.93944 0.545518 0.104885 -0.83151 0.671282 0.282378 -0.685306 0.884615 0.226021 -0.407886 0.900955 0.400278 -0.167506 -0.408814 -0.229843 0.883201 -0.168773 -0.403346 0.899348 -0.833727 -0.107255 0.54166 -0.688776 -0.283789 0.667122 -0.939967 -0.01027 0.34111 </float_array>
          <technique_common>
            <accessor count="304" offset="0" source="#meshId4-tangents-array" stride="3">
              <param name="X" type="float" />
              <param name="Y" type="float" />
              <param name="Z" type="float" />
            </accessor>
          </technique_common>
        </source>
        <source id="meshId4-bitangents" name="meshId4-bitangents">
          <float_array id="meshId4-bitangents-array" count="912"> 0.999658 -0.0042671 0.0257881 0.999987 -0.00414842 0.00298389 0.922271 -0.381532 0.0620374 0.923538 -0.382139 -0.0323583 -0.382373 0.923966 -0.008783 -0.382415 0.923949 -0.00878293 -0.0513578 0.998644 -0.00852352 -0.0512899 0.998647 -0.00852367 -0.0177148 0.998522 0.0513884 0.0907555 0.994542 0.0514758 0.0212126 0.923771 0.382358 -0.0177524 0.923836 0.382376 0.999125 0.0183528 0.0375915 0.999938 -0.00651514 -0.00898377 0.999547 0.00430376 0.0297858 0.00224153 0.843649 0.53689 -0.0460865 0.925897 0.374954 0.0975156 0.942429 0.319872 0.200917 0.851088 0.485058 0.256601 0.960655 0.106288 0.183124 0.976948 0.10972 0.145843 0.989308 0.000608902 0.554187 0.832389 -0.00231377 0.404887 0.913243 0.0453166 0.345715 0.932049 -0.108469 0.499943 0.840936 -0.207083 0.117621 0.951593 -0.283963 0.120092 0.970513 -0.209002 0.0513358 0.991349 -0.1208 0.000731703 0.984074 -0.177755 0.175038 0.984562 -0.00072052 0.110976 0.992495 -0.0513548 0.204584 0.971671 -0.118323 0.297828 0.946615 -0.123364 0.209208 0.837336 -0.505075 0.0969825 0.94291 -0.318614 -0.0455326 0.916811 -0.396716 0.00249816 0.801225 -0.598358 0.999969 0.00609929 -0.00501541 0.999321 -0.0164317 0.0329813 0.999196 0.0153445 -0.0370415 0.00724403 0.923858 -0.382667 0.043087 0.9231 -0.382139 0.00704209 0.99915 -0.0406286 0.00185596 0.841257 0.540633 -0.0182791 0.887739 0.459983 0.166262 0.902415 0.397498 0.198491 0.857028 0.475504 0.278722 0.953612 0.113743 0.254094 0.961623 0.103528 0.130769 0.991158 0.0224589 0.154714 0.987959 0.000513022 -0.993998 0.109068 -0.00855086 -0.993993 0.109111 -0.00855224 -0.93477 0.355144 -0.0087676 -0.934779 0.355121 -0.00876754 -0.399418 0.916727 -0.00874345 -0.399445 0.916716 -0.00874344 -0.0224485 0.999712 -0.00846696 -0.0221554 0.999719 -0.00846837 -0.0195044 0.999557 0.022484 -0.0119004 0.916693 0.399416 -0.0186617 0.916575 0.399427 -0.0187762 0.355071 0.934651 -0.140574 0.352001 0.925383 -0.0804095 0.108738 0.990813 -0.0183017 0.1091 0.993862 0.558319 0.829624 -0.00191609 0.48291 0.875486 0.0179229 0.418047 0.891458 -0.174753 0.491458 0.846411 -0.20508 0.124995 0.943838 -0.305853 0.113983 0.953412 -0.279307 0.022486 0.986912 -0.159682 0.00061551 0.982435 -0.186604 0.152088 0.988109 -0.0225795 0.0078771 0.99971 -0.0227728 0.00806807 0.921009 -0.389457 0.0154827 0.920538 -0.390345 -0.114858 0.366635 -0.923248 0.00811378 0.371945 -0.928219 0.00786501 0.0573566 -0.998323 -0.0547859 0.111601 -0.992242 0.177796 0.984067 -0.000586193 0.271618 0.956006 -0.110794 0.299073 0.946376 -0.122183 0.202601 0.850459 -0.48546 0.168885 0.899101 -0.40385 -0.017819 0.879053 -0.476391 0.00192238 0.828381 -0.560162 0.0824326 0.967305 -0.239844 -0.0568117 0.95009 0.306761 -0.0121033 0.981795 0.189556 -0.0144486 0.979797 -0.199472 -0.0253921 0.996628 -0.0780277 -0.0139771 0.996061 0.0875609 -0.0164665 0.998056 0.0601058 -0.0201986 0.996124 -0.085612 -0.949206 0.314539 -0.00856079 -0.949215 0.31451 -0.00855996 -0.853305 0.521338 -0.00873386 -0.853328 0.521302 -0.00873382 -0.345466 0.938391 -0.00872048 -0.345492 0.938381 -0.00872052 -0.0607491 0.998116 -0.00855011 -0.0601354 0.998154 -0.00855027 -0.0213215 0.997923 0.0607801 -0.0665673 0.936384 0.344608 -0.0217624 0.938186 0.345447 -0.0218331 0.521196 0.853158 -0.234343 0.50753 0.829154 -0.112377 0.312715 0.943176 -0.0213935 0.314432 0.949039 -0.209921 0.97418 -0.0831041 0.336167 0.940129 0.0561126 0.217001 0.976172 0.000198118 -0.171685 0.985148 0.00280071 -0.0663472 0.99779 -0.00356625 0.098776 0.99502 -0.013338 0.0605467 0.998051 -0.0151392 -0.0859248 0.996227 -0.0122338 0.0138026 0.998057 -0.0607545 0.00497322 0.998101 -0.0613989 0.00509651 0.941323 -0.337468 -0.039822 0.940353 -0.337862 -0.207538 0.519854 -0.828661 0.00513515 0.533785 -0.845605 0.00517788 0.166178 -0.986082 -0.0896047 0.314921 -0.944879 0.0105903 0.996245 0.0859303 0.00296178 0.995636 -0.0932794 -0.00725652 0.99747 0.070719 0.0114736 0.990444 0.137434 0.015633 0.966395 -0.256588 -0.0560711 0.947197 -0.315712 0.082506 0.968062 0.236745 0.085595 0.996294 -0.00850158 0.0855492 0.996298 -0.00850141 0.382437 0.92394 -0.00872008 0.382467 0.923928 -0.00872008 0.923931 0.38246 -0.00872002 0.923918 0.38249 -0.00871994 0.999963 0.00302218 -0.00806624 0.999963 0.00297364 -0.00806615 -0.0200587 0.00305812 -0.999794 0.261776 0.0036787 -0.965122 0.150491 0.378432 -0.913314 -0.0216829 0.382477 -0.92371 -0.0216986 0.923767 -0.38234 0.0406605 0.923234 -0.382082 -0.0211673 0.996113 -0.0854991 -0.999943 0.00435454 -0.00977864 -0.956827 0.00375052 -0.290633 -0.908538 0.376478 -0.181172 -0.923821 0.382679 -0.0105648 -0.382664 0.923827 -0.0105452 -0.381349 0.921557 -0.0728313 -0.0702332 0.997477 -0.0103036 -0.0187732 0.999824 7.83792e-05 0 -0.00300935 -0.999996 0 0.00299844 -0.999995 0 0.00299836 -0.999995 1.81899e-12 -0.0043983 -0.99999 0.00728791 0.999973 0 0.0406269 0.999088 -0.0131272 0 0.999911 -0.0133737 3.66689e-05 0.999961 -0.00878291 -3.66673e-05 0.999961 -0.00878251 -0.0392965 5.81719e-06 0.999228 -0.0188194 5.82111e-06 0.999823 0.992629 0.111392 0.047744 0.999979 0 0.00642214 0.999917 -2.65925e-09 -0.0129087 0.998264 0.0575869 -0.0123167 0.00839533 -2.05998e-07 -0.999965 -0.00803034 -4.08912e-07 -0.999968 -0.999961 -0 -0.00878254 -0.999961 -0 -0.00878255 -0.0213157 0.999773 5.79509e-05 0.0229155 0.999667 -0.0118686 -4.70979e-07 0.999932 -0.0116817 0.00807899 0.999967 0 4.45637e-05 0.999962 -0.00874371 -1.50734e-05 0.999962 -0.00874452 -0.035404 0.230587 0.972407 -0.0218656 0.230656 0.97279 0.945796 0.315155 0.0784091 0.973016 0.230722 0.00252868 0.99283 0.119065 -0.0105862 0.985884 0.167133 -0.00994731 0.00653591 0.11879 -0.992898 -0.00600328 0.230727 -0.973 -0.972983 0.230711 -0.00874466 -0.972984 0.230705 -0.0087433 0.0617534 0.998038 -0.0103797 0.004966 0.997518 0.0702358 0.382026 0.922699 -0.0518007 0.382666 0.923786 -0.0136319 0.923725 0.382646 0.0177019 0.923651 0.3822 -0.0281435 -0.200069 0.022148 0.979531 -0.305259 0 0.952269 -0.18851 0 0.982071 -0.165639 0.0388553 0.985421 0.986095 0.0183195 0.165171 0.965805 1.5095e-06 0.259269 0.989011 0 0.14784 0.990404 0.0379524 0.132892 -0.158559 -0 -0.98735 -0.143704 0.0370515 -0.988927 -0.259284 -0 -0.965801 -0.157367 0.0174696 -0.987386 0.392405 0.919568 -0.0203266 0.39153 0.920075 -0.0128757 0.929527 0.368528 -0.012902 0.925485 0.363618 0.106107 -0.300227 0.101036 0.948502 -0.337274 0.0803483 0.937971 -0.193036 0.138877 0.971314 -0.232031 0.175786 0.956693 0.959278 0.0902609 0.267654 0.953683 0.0697649 0.292613 0.978952 0.135073 0.152998 0.964527 0.172265 0.20003 -0.176069 0.136468 -0.974873 -0.219324 0.173495 -0.960102 -0.309174 0.0736894 -0.948146 -0.267565 0.0902607 -0.959303 0.339678 0.939969 0.032814 0.339175 0.940664 -0.0105858 0.847099 0.531329 -0.010622 0.831902 0.518494 0.197744 0.285996 0.00374107 0.958223 0.00480353 0.00437712 0.999979 0.00518972 0.382736 0.923843 0.17613 0.376858 0.909371 0.0676033 0.921895 0.381495 0.00511207 0.923868 0.382677 -0.164309 0.884714 0.436216 -0.331245 0.80371 0.494294 0.945586 -0.308581 0.103176 0.0749914 0.927157 0.367091 0.944788 0.319619 -0.0722417 0.374968 0.921389 -0.102181 0.462639 0.873667 0.150568 0.521577 0.788875 0.325014 0.944982 -0.317902 -0.0771225 -0.157288 0.879156 -0.449828 -0.328029 0.796036 -0.50865 0.0925875 0.923519 -0.372209 0.019281 0.839572 0.542907 0.0979192 0.820507 0.563187 -0.157761 0.705597 0.690829 -0.185606 0.728664 0.659242 -0.0154728 0.787287 0.616393 -0.257446 0.594922 0.761439 -0.219061 0.223277 0.949821 -0.345812 0.134483 0.928616 0.550741 0.833306 -0.0478083 0.569873 0.811786 -0.12747 0.71103 0.689283 0.139015 0.684296 0.71059 0.163711 0.646788 0.762526 0.0148096 0.779306 0.575137 0.248796 0.9579 0.218665 0.186049 0.941908 0.122031 0.312919 -0.149883 0.692084 -0.706084 -0.251854 0.582114 -0.773119 -0.0148509 0.770923 -0.636755 -0.175904 0.714324 -0.677347 0.0400643 0.836337 -0.546749 0.117328 0.815904 -0.566158 -0.19714 0.215693 -0.956354 -0.322188 0.125549 -0.938314 -0.156452 0.894387 0.419041 -0.255706 0.843539 0.472289 -0.280463 0.765083 0.579645 -0.339067 0.366417 0.866471 -0.524764 0.324027 0.787165 0.430718 0.893511 0.126963 0.496367 0.83412 0.240547 0.599854 0.751246 0.275326 0.880012 0.361364 0.308212 0.808589 0.309304 0.500515 -0.246477 0.833345 -0.494759 -0.276251 0.753686 -0.596359 -0.132466 0.895171 -0.425585 -0.320235 0.359369 -0.876529 -0.50357 0.311156 -0.805978 0.421868 0.44474 -0.790085 0.59308 0.247058 -0.766302 0.203887 0.91074 -0.359142 0.339551 0.822514 -0.456264 0.0773833 0.944367 -0.31966 -0.309019 0.945009 -0.107073 -0.772192 0.448553 -0.450023 -0.7412 0.25806 -0.6197 -0.333896 0.917604 -0.215676 -0.433909 0.832765 -0.34384 0.213975 0.91665 0.337592 0.343219 0.831283 0.437229 0.445835 0.447992 0.774941 0.615865 0.256448 0.744946 0.102425 0.944975 0.310696 </float_array>
          <technique_common>
            <accessor count="304" offset="0" source="#meshId4-bitangents-array" stride="3">
              <param name="X" type="float" />
              <param name="Y" type="float" />
              <param name="Z" type="float" />
            </accessor>
          </technique_common>
        </source>
        <source id="meshId4-tex0" name="meshId4-tex0">
          <float_array id="meshId4-tex0-array" count="608"> 0.596357 0.156975 0.433564 0.15935 0.433488 0.15756 0.596378 0.155184 0.608051 0.841166 0.770613 0.839739 0.770629 0.84153 0.608067 0.842958 0.577003 0.744936 0.417467 0.747835 0.417441 0.746035 0.576932 0.743137 0.434545 0.322214 0.431774 0.15933 0.436335 0.322137 0.412749 0.757906 0.414181 0.746873 0.415845 0.747448 0.414054 0.759002 0.414054 0.759002 0.415845 0.747448 0.415901 0.759537 0.646834 0.770222 0.648617 0.759243 0.650261 0.759871 0.648103 0.77136 0.648103 0.77136 0.650261 0.759871 0.65187 0.760309 0.649932 0.771954 0.541621 0.838921 0.539795 0.827392 0.541398 0.826972 0.543452 0.838326 0.543452 0.838326 0.541398 0.826972 0.543008 0.826371 0.544739 0.837176 0.598669 0.319317 0.598148 0.156906 0.600451 0.321043 0.378432 0.826788 0.539778 0.825592 0.377733 0.828592 0.395131 0.797217 0.398748 0.775621 0.400243 0.776424 0.396494 0.798297 0.396494 0.798297 0.400243 0.776424 0.401807 0.776916 0.398318 0.798868 0.594952 0.86814 0.784271 0.866521 0.786062 0.868327 0.593136 0.87001 0.593136 0.87001 0.786062 0.868327 0.786824 0.87005 0.592374 0.871751 0.59401 0.773273 0.402493 0.775165 0.593187 0.771547 0.593187 0.771547 0.402493 0.775165 0.404068 0.773281 0.591346 0.769751 0.627965 0.808938 0.632272 0.787475 0.633741 0.788326 0.629292 0.810062 0.629292 0.810062 0.633741 0.788326 0.635288 0.788868 0.631097 0.810691 0.556212 0.855913 0.361606 0.857598 0.362321 0.855789 0.555506 0.854185 0.555506 0.854185 0.362321 0.855789 0.363994 0.853974 0.553932 0.852378 0.560242 0.877762 0.557764 0.855388 0.562054 0.877152 0.562054 0.877152 0.557764 0.855388 0.559233 0.854553 0.563401 0.876045 0.381197 0.82359 0.380977 0.816466 0.382667 0.816848 0.382893 0.823243 0.382893 0.823243 0.382667 0.816848 0.384284 0.816885 0.384646 0.823134 0.579199 0.90774 0.800714 0.905844 0.802329 0.907613 0.577556 0.90957 0.577556 0.90957 0.802329 0.907613 0.802979 0.90929 0.576908 0.911262 0.611986 0.811962 0.384766 0.815185 0.611244 0.81029 0.611244 0.81029 0.384766 0.815185 0.386157 0.81334 0.609524 0.808543 0.613191 0.834847 0.613201 0.827718 0.614878 0.828156 0.614898 0.834554 0.614898 0.834554 0.614878 0.828156 0.616493 0.828244 0.616653 0.834502 0.574586 0.895445 0.34489 0.896693 0.345534 0.894936 0.574086 0.893762 0.574086 0.893762 0.345534 0.894936 0.347073 0.893177 0.572705 0.891988 0.574402 0.901698 0.576203 0.895364 0.576156 0.90176 0.576156 0.90176 0.576203 0.895364 0.577881 0.894935 0.57786 0.90206 0.577059 0.917495 0.802937 0.915525 0.802945 0.917317 0.577082 0.919287 0.577082 0.919287 0.802945 0.917317 0.802968 0.919109 0.57709 0.921078 0.612456 0.82181 0.384483 0.826718 0.38467 0.82493 0.612345 0.820012 0.612345 0.820012 0.38467 0.82493 0.612249 0.818213 0.844361 0.840498 0.616375 0.838079 0.61662 0.836297 0.845991 0.838714 0.845991 0.838714 0.61662 0.836297 0.846638 0.836921 0.577479 0.756504 0.116107 0.990757 0.116107 0.76487 0.341994 0.76487 0.341994 0.990757 0.377585 0.840309 0.813757 0.762567 0.813863 0.774147 0.608169 0.854601 0.770731 0.853173 0.415901 0.759537 0.577479 0.756504 0.637665 0.785308 0.649932 0.771954 0.813863 0.774147 0.827387 0.787878 0.377585 0.840309 0.541621 0.838921 0.608169 0.854601 0.770731 0.853173 0.594974 0.794785 0.829759 0.791514 0.830126 0.812959 0.361161 0.879046 0.592659 0.893566 0.786921 0.891867 0.398318 0.798868 0.594974 0.794785 0.618479 0.824761 0.631097 0.810691 0.830126 0.812959 0.844313 0.827222 0.361161 0.879046 0.560242 0.877762 0.592659 0.893566 0.786921 0.891867 0.84648 0.83075 0.344693 0.902866 0.651902 0.758509 0.813069 0.760758 0.600451 0.321043 0.436323 0.323929 0.401249 0.771458 0.412749 0.757906 0.414054 0.759002 0.402225 0.77286 0.634905 0.783396 0.646834 0.770222 0.648103 0.77136 0.635835 0.784828 0.543452 0.838326 0.555678 0.851867 0.544739 0.837176 0.556588 0.850353 0.63603 0.78714 0.829051 0.789701 0.829051 0.789701 0.63603 0.78714 0.383194 0.811698 0.395131 0.797217 0.396494 0.798297 0.384242 0.813024 0.61557 0.823025 0.627965 0.808938 0.629292 0.810062 0.616575 0.824385 0.562054 0.877152 0.574528 0.891594 0.563401 0.876045 0.575531 0.890168 0.61703 0.826561 0.845845 0.828989 0.845845 0.828989 0.61703 0.826561 0.574662 0.905277 0.346948 0.906455 0.34533 0.904663 0.574426 0.903494 0.574426 0.903494 0.34533 0.904663 0.41616 0.746114 0.415023 0.745289 0.432046 0.157878 0.41616 0.746114 0.434869 0.323659 0.650619 0.758547 0.650619 0.758547 0.649509 0.757686 0.597832 0.155462 0.54105 0.825646 0.542163 0.824802 0.54105 0.825646 0.400899 0.774895 0.400243 0.776424 0.400899 0.774895 0.400243 0.776424 0.398748 0.775621 0.399752 0.773681 0.400899 0.774895 0.399752 0.773681 0.634445 0.786819 0.633741 0.788326 0.634445 0.786819 0.633741 0.788326 0.632272 0.787475 0.633337 0.78557 0.634445 0.786819 0.633337 0.78557 0.557065 0.853871 0.558183 0.852602 0.559233 0.854553 0.557764 0.855388 0.557065 0.853871 0.557764 0.855388 0.557065 0.853871 0.558183 0.852602 0.383088 0.815169 0.383088 0.815169 0.381767 0.8142 0.383088 0.815169 0.381767 0.8142 0.615353 0.826491 0.615353 0.826491 0.614064 0.82548 0.615353 0.826491 0.614064 0.82548 0.575737 0.8937 0.577039 0.892676 0.575737 0.8937 0.575737 0.8937 0.577039 0.892676 0.383286 0.824618 0.382404 0.82556 0.383286 0.824618 0.382404 0.82556 0.383286 0.824618 0.615246 0.835941 0.615246 0.835941 0.614335 0.836854 0.615246 0.835941 0.614335 0.836854 0.575801 0.903145 0.576708 0.904062 0.575801 0.903145 0.576708 0.904062 0.575801 0.903145 </float_array>
          <technique_common>
            <accessor count="304" offset="0" source="#meshId4-tex0-array" stride="2">
              <param name="S" type="float" />
              <param name="T" type="float" />
            </accessor>
          </technique_common>
        </source>
        <vertices id="meshId4-vertices">
          <input semantic="POSITION" source="#meshId4-positions" />
        </vertices>
        <polylist count="252" material="defaultMaterial">
          <input offset="0" semantic="VERTEX" source="#meshId4-vertices" />
          <input offset="0" semantic="NORMAL" source="#meshId4-normals" />
          <input offset="0" semantic="TANGENT" source="#meshId4-tangents" />
          <input offset="0" semantic="BINORMAL" source="#meshId4-bitangents" />
          <input offset="0" semantic="TEXCOORD" source="#meshId4-tex0" set="0" />
          <vcount>3 3 3 3 3 3 3 3 3 3 3 3 3 3 3 3 3 3 3 3 3 3 3 3 3 3 3 3 3 3 3 3 3 3 3 3 3 3 3 3 3 3 3 3 3 3 3 3 3 3 3 3 3 3 3 3 3 3 3 3 3 3 3 3 3 3 3 3 3 3 3 3 3 3 3 3 3 3 3 3 3 3 3 3 3 3 3 3 3 3 3 3 3 3 3 3 3 3 3 3 3 3 3 3 3 3 3 3 3 3 3 3 3 3 3 3 3 3 3 3 3 3 3 3 3 3 3 3 3 3 3 3 3 3 3 3 3 3 3 3 3 3 3 3 3 3 3 3 3 3 3 3 3 3 3 3 3 3 3 3 3 3 3 3 3 3 3 3 3 3 3 3 3 3 3 3 3 3 3 3 3 3 3 3 3 3 3 3 3 3 3 3 3 3 3 3 3 3 3 3 3 3 3 3 3 3 3 3 3 3 3 3 3 3 3 3 3 3 3 3 3 3 3 3 3 3 3 3 3 3 3 3 3 3 3 3 3 3 3 3 3 3 3 3 3 3 3 3 3 3 3 3 </vcount>
          <p>0 1 2 2 3 0 4 5 6 6 7 4 8 9 10 10 11 8 12 13 1 1 14 12 15 16 17 17 18 15 19 20 9 9 21 19 22 23 24 24 25 22 26 27 28 28 29 26 30 31 32 32 33 30 34 35 36 36 37 34 38 0 39 39 40 38 41 42 31 31 43 41 44 45 46 46 47 44 48 49 50 50 51 48 52 53 54 54 55 52 56 57 58 58 59 56 60 50 61 61 62 60 63 64 65 65 66 63 67 68 69 69 70 67 71 72 73 73 74 71 75 76 77 77 78 75 79 80 81 81 82 79 83 75 84 84 85 83 86 87 88 88 89 86 90 91 92 92 93 90 94 95 96 96 97 94 98 99 100 100 101 98 102 103 104 104 105 102 106 96 107 107 108 106 109 110 111 111 112 109 113 114 115 115 116 113 117 118 119 119 120 117 121 122 123 123 124 121 125 126 127 127 128 125 129 121 130 130 131 129 132 133 134 134 135 132 136 137 138 138 139 136 140 141 142 142 143 140 144 145 146 146 147 144 148 149 97 97 150 148 151 152 153 153 154 151 155 156 120 120 157 155 21 9 8 8 158 21 159 160 161 161 162 159 31 30 163 163 43 31 1 0 38 38 14 1 29 28 164 164 165 29 166 7 6 6 167 166 65 168 169 169 66 65 170 171 172 172 173 170 81 174 175 175 82 81 52 176 177 177 53 52 51 50 60 60 178 51 74 73 179 179 180 74 181 76 75 75 83 181 182 59 58 58 183 182 111 184 185 185 112 111 186 187 188 188 189 186 127 190 191 191 128 127 98 192 193 193 99 98 97 96 106 106 150 97 120 119 194 194 157 120 195 122 121 121 129 195 136 105 104 104 137 136 164 28 196 196 197 164 198 199 14 14 38 198 200 201 202 202 203 200 203 202 168 168 65 203 204 205 206 206 207 204 207 206 171 171 170 207 82 175 208 208 209 82 209 208 210 210 211 209 179 73 212 212 213 179 214 215 170 170 173 214 216 217 218 218 219 216 219 218 184 184 111 219 220 221 222 222 223 220 223 222 187 187 186 223 128 191 224 224 225 128 225 224 226 226 227 225 194 119 228 228 229 194 230 231 186 186 189 230 232 233 234 234 235 232 236 237 195 195 129 236 238 17 16 16 239 238 240 2 1 1 13 240 241 10 9 9 20 241 242 12 14 14 199 242 243 196 28 28 27 243 244 24 23 23 245 244 246 39 0 0 3 246 247 248 36 36 35 247 249 32 31 31 42 249 250 61 50 50 251 250 252 253 254 254 255 252 256 257 200 200 203 256 256 203 65 65 64 256 258 212 73 73 259 258 260 261 262 262 263 260 264 265 204 204 207 264 264 207 170 170 215 264 266 267 268 268 269 266 270 271 75 75 78 270 272 79 82 82 209 272 272 209 211 211 273 272 274 107 96 96 95 274 275 92 91 91 276 275 277 278 216 216 219 277 277 219 111 111 110 277 279 228 119 119 118 279 280 115 114 114 281 280 282 283 220 220 223 282 282 223 186 186 231 282 284 285 134 134 133 284 286 130 121 121 124 286 287 125 128 128 225 287 287 225 227 227 288 287 289 146 145 145 290 289 291 292 90 90 93 291 293 94 97 97 149 293 294 117 120 120 156 294 295 153 152 152 296 295 297 298 113 113 116 297 299 132 135 135 300 299 301 302 232 232 235 301 303 236 129 129 131 303 </p>
        </polylist>
      </mesh>
    </geometry>
  </library_geometries>
  <library_visual_scenes>
    <visual_scene id="root" name="root">
      <node id="pCube1" name="pCube1">
        <matrix>1 0 0 0 0 1 0 0 0 0 1 0 0 0 0 1</matrix>
        <instance_geometry url="#meshId0">
          <bind_material>
            <technique_common>
              <instance_material symbol="defaultMaterial" target="#1001" />
            </technique_common>
          </bind_material>
        </instance_geometry>
      </node>
      <node id="polySurface3" name="polySurface3">
        <matrix>1 0 0 0 0 1 0 0 0 0 1 0 0 0 0 1</matrix>
        <instance_geometry url="#meshId1">
          <bind_material>
            <technique_common>
              <instance_material symbol="defaultMaterial" target="#1001" />
            </technique_common>
          </bind_material>
        </instance_geometry>
      </node>
      <node id="polySurface4" name="polySurface4">
        <matrix>1 0 0 0 0 1 0 0 0 0 1 0 0 0 0 1</matrix>
        <instance_geometry url="#meshId2">
          <bind_material>
            <technique_common>
              <instance_material symbol="defaultMaterial" target="#1001" />
            </technique_common>
          </bind_material>
        </instance_geometry>
      </node>
      <node id="polySurface2" name="polySurface2">
        <matrix>1 0 0 0 0 1 0 0 0 0 1 0 0 0 0 1</matrix>
        <instance_geometry url="#meshId3">
          <bind_material>
            <technique_common>
              <instance_material symbol="defaultMaterial" target="#1001" />
            </technique_common>
          </bind_material>
        </instance_geometry>
      </node>
      <node id="pCube2" name="pCube2">
        <matrix>1 0 0 0 0 1 0 0 0 0 1 0 0 0 0 1</matrix>
        <instance_geometry url="#meshId4">
          <bind_material>
            <technique_common>
              <instance_material symbol="defaultMaterial" target="#1001" />
            </technique_common>
          </bind_material>
        </instance_geometry>
      </node>
    </visual_scene>
  </library_visual_scenes>
  <scene>
    <instance_visual_scene url="#root" />
  </scene>
</COLLADA>
